avg_backers_per_pledge_tier,avg_pledge_per_backer,campaign_end_date,campaign_start_date,category,city,description,description_length,dict_pledge_tier_backer,full_desc_len,funding_currency,funding_goal,funding_percentage,funding_raised,num_backers,num_comments,num_created_by_owner,num_faqs,num_updates,owner,project_img,project_video,state,status,title
6.2,158.77,2019-05-09,2019-04-09,Product Design,Perth,"The original waterproof stash-bag, safe-box and speaker - ALL IN ONE - designed for watersports to keep your essentials safe!",125,"{10: 9, 199: 15, 299: 1, 358: 0, 845: 1}",52,$,75000,6.56,4922,31,0,0,11,0,Chris Kearney,False,True,AU,Cancelled by Creator,Stoked Stash
1.25,4.4,2019-05-05,2019-04-02,Video Games,Nottingham,"#AotMFC, A Fast Paced Action Platformer with flying fish that are swimming crows that are mutated half breeds of your nightmares!",129,"{5: 3, 6: 1, 7: 0, 33: 0}",875,Â£,5000,0.44,22,5,0,3,0,6,Ricky Wild,False,True,UK,Cancelled by Creator,Attack of the Mutant Fishcrows.
10.4,58.01,2019-05-10,2019-03-26,Product Design,New York,Gain Deeper Sleep and Better Focus with The Most Advanced Anti Blue Light Glasses built using Bioplastic Acetate and Japanese Lenses,132,"{39: 58, 40: 50, 49: 18, 55: 1, 65: 1, 75: 1, 89: 14, 99: 5, 149: 5}",4504,$,12500,72.39,9049,156,21,0,0,1,Omar Abu-Shaaban,False,True,NY,Cancelled by Creator,The Most Advanced Anti Blue Light Glasses You Will Ever Wear
0.5,16.33,2019-05-09,2019-04-04,Crafts,Austin,Hard enamel PokÃ©mon pins based off the popular spin-off game,60,"{11: 0, 20: 2, 30: 0, 40: 0, 50: 0, 60: 0}",1522,$,200,24.5,49,3,0,0,0,0,MysteryDungeonStudio,True,False,TX,Cancelled by Creator,Pokemon Mystery Dungeon Enamel Pins
1.5,42.0,2019-05-17,2019-03-18,Art,San Francisco,A Tarot Deck merging all of the worlds mythology and spiritualism into one beautiful story of human existence.,110,"{25: 1, 100: 0}",2138,$,3500,3.6,126,3,0,0,0,2,Bettie Avalon,True,False,CA,Cancelled by Creator,Tarot of the Gods - A new view on an old tradition.
1.6,29.62,2019-05-07,2019-03-08,Accessories,Toronto,BluAway Specs are fashionable and premium blight light blocking glasses. These glasses protect your eyes and your sleep in style!,129,"{1: 1, 25: 3, 45: 3, 205: 0, 300: 0}",0,$,1500,15.8,237,8,0,0,0,0,Shaheen Ladha,False,True,Canada,Cancelled by Creator,BluAway Specs
1.77,140.48,2019-05-17,2019-04-17,Design,Geneva,Affordable unrestrained wall-art to encourage people to think out of the box!,77,"{15: 0, 30: 4, 89: 1, 103: 5, 107: 1, 111: 0, 119: 0, 125: 4, 143: 0, 209: 1, 250: 5}",679,$,120000,2.69,3231,23,2,0,4,0,Talia et David Bally,False,True,Switzerland,Cancelled by Creator,FUNKY FRAMES: WHEN ART POPS OUT OF ITS FRAME!
3.44,83.49,2019-03-13,2019-02-06,Product Design,London,"Don't lose your Airpods. PodPouch protects and stores a tracker and ear covers inside. In salmon skin, vegan leather & silicone rubber.",135,"{1: 2, 5: 3, 7: 8, 8: 1, 9: 1, 10: 7, 12: 0, 20: 6, 22: 4, 25: 1, 27: 2, 60: 4, 65: 3, 195: 4}",3832,Â£,8000,57.4,4592,55,4,2,0,1,Belal Breaga Bakht,False,True,UK,Cancelled by Creator,"PodPouchÂ® for Airpods. Cases to protect, store and track."
3.93,137.44,2019-02-06,2019-01-07,Rock,Appleton,"Ifdakar is recording an album with Jake Cinninger of Umphrey's Mcgee, and they need your help to finish it!",107,"{5: 3, 15: 5, 20: 2, 25: 14, 35: 1, 50: 12, 100: 6, 250: 1, 400: 3, 600: 0, 1: 2}",1961,$,8000,101.36,8109,59,0,0,0,2,Ifdakar,False,False,WI,Funding Successful,Help Ifdakar Finish New Album with Jake Cinninger!
17.25,18.99,2019-03-13,2019-02-11,Games,London,"An original, two-player, abstract strategy game.",48,"{1: 6, 20: 50, 25: 8, 46: 2}",2628,Â£,20000,6.55,1310,69,5,0,0,0,Ben,False,True,UK,Funding Unsuccessful,Legatus
1.0,18.5,2019-02-06,2019-01-23,Academic,Paducah,Learn History while Coloring! My Color Thru Historyâ„¢ Series is for teens and adults. Book 2 covers the People of the Ancient World.,131,"{1: 1, 2: 1, 6: 0, 15: 1, 30: 1, 45: 1}",2168,$,250,44.4,111,6,0,0,0,2,Faithe Thomas,True,False,KY,Funding Unsuccessful,Quickstarter: Color Thru Historyâ„¢ - Book 2
12.5,45.7,2019-02-05,2019-01-15,Product Design,South Burlington,"This ice scraper is made in Vermont and guaranteed for life. Developed by a retired NASA machinist, it will crush up to 3/8"" thick ice.",135,"{29: 23, 49: 18, 89: 6, 169: 1}",1475,$,10000,22.85,2285,50,24,0,0,2,Michael Adams,False,True,VT,Funding Unsuccessful,Ice Beast | Remove Tough Ice & Freezing Rain Faster
8.75,59.26,2019-01-03,2018-12-04,Tabletop Games,Chicago,A strategic sci fi/fantasy themed card game. Reminiscent of classic trading card games but with some mechanics usually found elsewhere.,135,"{23: 5, 28: 5, 55: 3, 60: 17}",16760,$,80000,2.59,2074,35,2,2,0,1,TAGBOI GAMES,False,True,IL,Funding Unsuccessful,Trillionaire: The Card Game (Re-launch!)
13.6,30.22,2019-03-13,2019-02-11,Indie Rock,London,Yona is the musical project created by singer songwriter Joshua K.  We will be recording our Debut EP this Winter!,114,"{5: 14, 10: 19, 20: 18, 50: 4, 100: 5}",2463,Â£,2000,102.75,2055,68,0,0,0,5,Joshua K Donaldson,False,False,UK,Funding Successful,Yona's Debut EP
0.5,1.0,2019-01-03,2018-12-14,Fiction,Ontario,"This novella is set in Adorlock, a fantastical world of my own creation, which includes technology, magic, and a non-binary culture.",132,"{20: 0, 50: 0, 100: 0, 250: 0}",13905,$,9900,0.02,2,2,0,0,0,0,Jessica Trudel,False,True,CA,Funding Unsuccessful,A Wish Turned Prophecy: Fantasy Novella
4.47,83.91,2018-12-22,2018-11-22,Pottery,Barcelona,Support of our new ceramic studio. The place where we work and offer classes and workshops. Help us to purchase the missing equipment â™¥,135,"{5: 1, 10: 9, 20: 7, 30: 4, 40: 3, 50: 11, 80: 2, 120: 8, 150: 3, 200: 0, 250: 1, 450: 1}",2502,â‚¬,5000,112.44,5622,67,6,0,0,1,Bcn Clay Studio,False,False,Spain,Funding Successful,Bcn Clay Studio - Ceramic and Jewelry Space in Barcelona
127.0,7.95,2019-03-02,2019-02-05,Tabletop Games,Philadelphia,An RPG zine about learning through play.,40,"{5: 121, 10: 128}",979,$,400,505.0,2020,254,3,0,0,3,Sam Hotchkiss,False,False,PA,Funding Successful,Skill Points
1.67,99.4,2019-02-06,2019-01-07,Apparel,Santa Rosa,These straight legged Black Yoga Pants are functional and flattering AND do not collect pet hair!,97,"{98: 1, 186: 2, 1: 0}",1981,$,50000,0.99,497,5,0,5,0,1,Abbie Durkee,True,False,CA,Funding Unsuccessful,Pet Friendly Yoga Pants
0.67,59.5,2019-01-03,2018-11-24,Webcomics,Guadalajara,"Vita, es una historia de ciencia ficciÃ³n, con base en historias sobre criaturas malignas ( demonios) y divinas.",111,"{100: 1, 250: 0, 500: 0}",1312,MX$,10000,1.19,119,2,0,0,0,0,Arturo Aranjo,False,True,Mexico,Funding Unsuccessful,Vita: La UniÃ³n de Vida y Muerte.
1.5,39.57,2019-03-02,2019-01-11,DIY,Deutsch,Special and partly unique Jewellery made of coins and medals I introduce you.,77,"{8: 1, 10: 0, 35: 7, 39: 0, 40: 4, 45: 4, 50: 3}",3158,â‚¬,1500,55.4,831,21,9,0,0,0,Jewellery of Coins,False,True,Germany,Funding Unsuccessful,Jewellery made of Coins - the slightly different Jewellery
6.88,86.24,2019-03-11,2019-02-24,Tabletop Games,Blainville,My biggest single art pack to date! All new arts never shown before ! 400 arts to create your own RPG maps Commercial license available,135,"{8: 4, 45: 3, 55: 26, 63: 8, 65: 0, 235: 3, 275: 3, 295: 3}",242,$,1125,421.6,4743,55,40,0,0,7,Gaudreau Steve,False,False,Canada,Funding Successful,Greatest art pack I ever made to create your own RPG Maps !
8.0,62.92,2018-06-21,2018-05-29,Art,St. Louis,"Help Sam Barsky knit St. Louis! He's knitting the Saint Louis Arch on a sweater, visiting Saint Louis and we're throwing  him a party.",134,"{5: 8, 25: 13, 35: 11, 75: 0, 100: 1, 200: 0}",2354,$,3000,100.67,3020,48,0,0,0,6,Ann K. Hubbard,False,False,MO,Funding Successful,Sam Barsky Knits Saint Louis!
1.5,92.0,2019-03-05,2019-01-28,Nonfiction,Los Angeles,"My 1st book, ""Blasted from Complacency: A Journey from Terror to Transformation in Israel,"" our 2014 family vacation: Touring + War!",132,"{1: 1, 18: 1, 25: 0, 36: 5, 54: 3, 72: 0, 90: 2, 118: 2, 900: 0, 2: 0, 3: 0}",5014,$,18000,10.73,1932,21,0,0,0,0,Penny S. Tee,False,True,CA,Funding Unsuccessful,"""Blasted from Complacency: . . ."" Family Vacation + War!"
1.0,1.0,2019-03-02,2019-01-16,Music Videos,Houston,New W0rld Pr0ductionz creates and publishes music videos for local artists.,75,{90: 0},705,$,500,0.2,1,1,0,0,0,0,Stewart Clutter,True,False,TX,Funding Unsuccessful,New W0rld Pr0ductionz: Video and Film Editing
4.33,16.31,2018-06-21,2018-05-11,Rock,London,My Debut EP will be out on June 21st in physical form.,54,"{5: 1, 6: 0, 10: 9, 15: 5, 20: 3, 30: 4}",2959,Â£,300,141.33,424,26,6,0,0,8,HARRY,False,False,UK,Funding Successful,HARRY - DEBUT EP
1.0,66.0,2018-06-21,2018-05-22,Graphic Design,Hong Kong,"No worries, Big Bluddha is watching you. You are okay to be sad, happy, angry or whatever you are feeling.",106,"{20: 0, 35: 0, 90: 2}",143,HK$,1200,16.5,198,3,0,9,0,0,W. S. Lam,True,False,Hong Kong,Funding Unsuccessful,Big Bluddha is watching you.
12.17,77.9,2019-02-06,2018-12-28,Translations,Nashville,"Development of media products to bring Uzbek literature to western audiences, most notably Abdulla Qodiriy's O'tkan Kunlar.",123,"{20: 7, 30: 24, 50: 20, 100: 8, 200: 4, 1: 1}",1514,$,40000,14.22,5687,73,0,0,0,0,Mark Reese,False,True,TN,Funding Unsuccessful,"O'tkan Kunlar, English Translation of Acclaimed Uzbek Novel"
0.6,3.67,2018-06-21,2018-05-07,Young Adult,Jaen,"How can you change your life by witnessing a traumatic event only because you are in the wrong place and time? Crime, mystery",125,"{4: 0, 5: 2, 10: 0}",866,â‚¬,3000,0.37,11,3,1,2,0,3,Fran Jimenez,False,True,Spain,Funding Unsuccessful,"Undetected, Crime and mystery (ENGLISH / ESPAÃ‘OL)"
4.64,560.24,2018-06-21,2018-05-07,Documentary,Los Angeles,"Millions could benefit. The definitive film for those who want to know if, how, what, where, how come, what kind, how much & how often.",135,"{10: 6, 20: 12, 24: 10, 30: 5, 40: 5, 45: 2, 60: 3, 70: 0, 95: 2, 115: 6, 165: 0, 200: 3, 260: 3, 360: 2, 500: 4, 850: 1, 1: 2, 2: 0, 3: 0, 5: 2, 8: 1}",18190,$,56500,101.14,57144,102,3,0,0,7,Roslyn Dauber,False,False,CA,Funding Successful,MEDICAL MARIJUANA: Understanding Cannabis as Medicine
0.8,31.25,2019-02-06,2019-01-23,Restaurants,Chippendale,"We are 4 Ounces Burger Company.
We believe in a fast food future that is ethical, sustainable  socially aware.",111,"{10: 1, 15: 0, 25: 0, 50: 0, 100: 1, 200: 0, 500: 0, 1: 0}",2277,$,50000,0.5,250,8,0,0,0,0,Rory Donnelly,False,True,AU,Funding Unsuccessful,4 Ounces Burger Company: Ethical fast food.
39.33,18.0,2018-06-21,2018-05-24,Tabletop Games,Frankfort,"Role playing game source book ~ 50 exotic weapons and 50 Enchanted Weapons in one beautiful book for 5th Edition D&D

RPG DnD Fantasy",135,"{8: 73, 10: 78, 15: 54, 60: 26, 150: 3, 300: 0}",9334,$,1000,424.7,4247,236,146,0,4,32,W.S. Quinton,False,False,KY,Funding Successful,The Steel Road: Exotic Weapons for 5th Edition
1.0,17.0,2018-06-21,2018-05-22,Crafts,Washington,Celebrating the 90's with this enamel pin set.,46,"{5: 0, 10: 3, 20: 1, 30: 1, 36: 0, 50: 0}",0,$,600,17.0,102,6,0,3,0,0,tinaseamonster,True,False,DC,Funding Unsuccessful,90's Friends Enamel Pins
0.67,52.5,2019-03-02,2019-01-31,Documentary,Houston,A DocuSeries about freelance models and photographers,53,"{25: 0, 50: 2, 100: 1, 200: 0, 500: 0, 1: 0}",0,$,25000,0.84,210,4,0,4,0,0,Wilfred LeBlanc,False,True,TX,Funding Unsuccessful,Freeze Frame - Pretty As A Picture (season 2)
1.5,6.67,2018-06-21,2018-05-22,Comic Books,Cordova,"Hello, I am trying to raise funds for the second issue of my comic book series, M1.  These funds will cover the artist and print fees.",134,"{10: 1, 20: 0}",849,$,1500,1.33,20,3,1,4,0,0,Alejandro Morales,True,False,TN,Funding Unsuccessful,M1 Issue Number 2 Fund
27.0,123.57,2018-06-21,2018-05-22,Documentary,Toronto,A ten episode documentary series to save the last 76 Southern Resident Killer Whales ðŸŒŽ Will you join us?,104,"{15: 44, 30: 85, 40: 12, 45: 26, 55: 82, 75: 26, 125: 33, 250: 14, 600: 2, 2: 0, 3: 1, 5: 3}",693,$,15000,311.39,46709,378,11,0,0,16,Coextinction,False,False,Canada,Funding Successful,Coextinction
13.5,56.46,2019-03-02,2019-01-31,Children's Books,Denver,The children's book that will open your eyes to the Sneakrets all around.,73,"{5: 1, 30: 40, 110: 5, 175: 4}",901,$,2000,152.45,3049,54,0,0,0,6,Steven Paul Winkelstein,False,False,CO,Funding Successful,The Sneakrets Children's Book
6.33,19.89,2018-06-21,2018-05-27,Art,Waycross,5 cm tall copper plated enamel pins of two affectionate kitties,63,"{10: 1, 18: 17}",319,$,600,63.0,378,19,2,5,0,1,Chrysisi,True,False,GA,Funding Unsuccessful,Meow Amor Enamel Pins
4.75,33.05,2019-03-02,2019-01-31,Product Design,Prescott,"Balance a top or marble atop this precision-machined spinning top for a dazzling display.  Itâ€™s relaxing, engaging, & addictive!",128,"{1: 0, 5: 1, 25: 19, 30: 11, 35: 0, 40: 1, 65: 1, 75: 4}",4304,$,500,251.2,1256,38,8,0,0,4,Frank,False,False,AZ,Funding Successful,Marble & Tops - stackable spinning tops
319.5,69.02,2018-06-21,2018-06-05,Tabletop Games,Londonderry,A competitive board game for 2-4 players of warring empires and shifting loyalties.,83,"{49: 67, 69: 487}",3260,$,30000,147.02,44105,639,348,0,6,20,Game Salute,False,False,NH,Funding Successful,A War of Whispers
0.18,15.5,2019-03-02,2019-01-31,Woodworking,Cincinnati,High quality wood furniture designed to last a lifetime + without emptying customers pocketbooks.,97,"{1: 0, 5: 0, 25: 1, 50: 0, 100: 0, 150: 0, 200: 0, 600: 0, 2: 0, 3: 0}",2524,$,20000,0.15,31,2,0,0,0,0,Kevin Siegel,True,False,OH,Cancelled by Creator,"Quality wood furniture for you, a dream come true for me."
0.6,42.0,2018-06-21,2018-04-22,Accessories,Las Vegas,"Hair Nowww Systems makes hair extensions easy..  Nowww, installing and wearing hair extensions is simple, fast and easy.",120,"{20: 1, 450: 0, 500: 0, 700: 0}",1329,$,10000,1.26,126,3,0,0,0,0,Shawn,False,True,NV,Funding Unsuccessful,Hair Extension
3.25,138.54,2018-06-21,2018-06-03,Music,Los Angeles,"My name is Katelyn! I am here to raise funding for my ""Katelyn Music Project"" I am working on my first album and music video.",125,"{10: 0, 25: 5, 50: 1, 100: 1}",648,$,1500,120.07,1801,13,0,0,0,1,Katelyn McFadden,False,False,CA,Funding Successful,The Katelyn Music Project
0.17,1.0,2019-03-02,2019-01-29,Fiction,Paris,Roman d'aventure,16,"{1: 0, 25: 0, 50: 0, 150: 0, 750: 0}",4045,â‚¬,3330,0.03,1,1,0,0,0,0,jacques christiani,True,False,France,Funding Unsuccessful,Lâ€™Ã©veil de Mercure
0.14,1.0,2019-03-02,2019-01-31,People,Dallas,Assist in the repair or replacing of photographic equipment in order to provide a better service for athletes and fitness professionals,135,"{25: 0, 50: 0, 75: 0, 100: 0, 200: 0}",1693,$,10000,0.01,1,1,0,0,0,0,"Josiah ""Stu"" Stubrud",True,False,TX,Funding Unsuccessful,Building a Better Brand
45.86,129.88,2019-03-02,2019-02-03,Tabletop Games,New York,"Live all of your wildest wrestling fantasies without ever taking a chair shot! Supershow the Game, The #1 Wrestling Game in the World.",134,"{30: 58, 60: 84, 115: 137, 500: 6, 510: 10, 520: 10, 530: 4}",4741,$,20000,208.46,41693,321,366,0,0,8,Steve Resk,False,False,NY,Funding Successful,Supershow the Game: The Uprising
6.67,56.7,2019-03-02,2019-01-31,Illustration,Austin,A deck of Cat Oracle cards with easy instruction ebook,54,"{5: 0, 25: 27, 50: 7, 70: 2, 250: 0, 1: 1}",5972,$,2000,113.4,2268,40,1,0,0,7,David Borden,False,False,TX,Funding Successful,The White Cat Oracle
6.86,57.17,2019-03-02,2019-01-31,Woodworking,Alabaster,100 Bourbon Barrel Bolt Action Bullet Pens,42,"{1: 1, 49: 14, 52: 32}",3227,$,1000,274.4,2744,48,15,0,0,6,Joel Lockridge,False,False,AL,Funding Successful,Make 100 -- 100 Bourbon Barrel Bolt Action Bullet Pens
0.5,1.0,2019-03-02,2019-01-31,Nonfiction,Charleston,"I am self-publishing an educational book for teachers, parents, and students to support disabilities in the classroom.",118,"{50: 0, 100: 0}",0,$,3000,0.03,1,1,0,0,0,0,Helen W. Gist,True,False,WV,Funding Unsuccessful,Dano Saves The Day: The Helpful Hero
4.89,36.01,2019-01-03,2018-12-16,Art,Singapore,A set of Fantastically Cute Beasts Hard Enamel Pins inspired by the Wizarding World and Harry Potter Franchise!,111,"{9: 10, 11: 22, 18: 5, 22: 11, 27: 3, 33: 10, 36: 3, 43: 3, 45: 2, 53: 2, 54: 2, 62: 0, 63: 2, 71: 1, 72: 1, 80: 0, 81: 2, 88: 5}",5374,$,300,1056.33,3169,88,5,0,0,11,o.mj studio,False,False,Singapore,Funding Successful,Fantastically Cute Beasts Hard Enamel Pins
6.0,101.43,2019-01-03,2018-12-04,Comedy,Los Angeles,A feature film based on the hilarious jazz comedy short.,56,"{1: 1, 5: 9, 15: 5, 25: 10, 35: 9, 60: 13, 125: 12, 250: 6, 300: 1, 500: 2, 750: 0, 2: 0}",1778,$,5000,170.4,8520,84,0,0,0,5,Collin Levin,False,False,CA,Funding Successful,In A Silent Way Feature Film
0.33,5.5,2019-03-02,2019-01-31,Art Books,New Orleans,A chapbook about a toy that loves unconditionally and is abused carelessly.,75,"{1: 0, 5: 0, 10: 1, 25: 0, 50: 0, 100: 0}",1003,$,500,2.2,11,2,0,0,0,0,John P. Bourgeois,True,False,LA,Funding Unsuccessful,Your Bun-Bun
0.69,77.94,2019-01-03,2018-12-04,Hardware,Munich,"We, PSITRON, have developed a new electronics construction kit. It playfully teaches the most important basics of analog electronics.",133,"{59: 2, 69: 0, 89: 1, 99: 8, 129: 0, 269: 1, 290: 0, 340: 0, 440: 0, 570: 0, 625: 0, 670: 0, 840: 0, 860: 0, 990: 0, 1: 0, 2: 0, 3: 0, 4: 0}",4865,â‚¬,10000,14.03,1403,18,0,0,0,0,PSITRON,False,True,Germany,Funding Unsuccessful,New electronics construction kit with magnetic contacts
2.5,627.93,2019-03-02,2019-01-31,Illustration,Mexico,A new watercolor sketchbook filled with illustrations and sketchs.,66,"{50: 4, 100: 1, 200: 3, 500: 2, 1: 4}",1984,MX$,5000,188.38,9419,15,7,0,0,3,GYRHS,False,False,Mexico,Funding Successful,Let's MAKE 100 illustrations on my Journal
2.0,25.0,2019-01-03,2018-12-04,Jewelry,Raleigh,I am looking to create an enamel pin based on the advice of one of the most iconic princesses and musicals of all time.,119,"{2: 0, 5: 0, 8: 5, 10: 4, 12: 0, 13: 0, 20: 2, 24: 2}",4239,$,450,100.0,450,18,0,0,0,9,Ink & Imagination,False,False,NC,Funding Successful,"""It's Possible"" Cinderella Inspired Enamel Pin"
3.0,27.76,2019-01-03,2018-12-04,Music,Edinburgh,For the first time Heidi Talbot and Adam Holmes are joining forces to write and record an album of original material together.,126,"{5: 0, 8: 1, 10: 15, 15: 5, 18: 6, 25: 1, 30: 5, 40: 2, 150: 1, 190: 0, 250: 1, 2: 0}",1650,Â£,8000,14.57,1166,42,0,0,0,0,Arcade: Heidi Talbot and Adam Holmes,False,True,UK,Funding Unsuccessful,Arcade:A New collaboration from Heidi Talbot and Adam Holmes
6.83,74.71,2019-01-03,2018-11-24,Fashion,Sharon,The world's first premium Islamic prayer bracelet.,50,"{10: 0, 25: 30, 40: 4, 49: 10, 69: 2, 70: 5, 75: 1, 89: 5, 109: 7, 110: 2, 130: 4, 235: 7}",0,$,5000,122.52,6126,82,0,0,0,3,BasmalaBeadsâ„¢,False,False,MA,Funding Successful,BasmalaBraceletsâ„¢
9.73,95.12,2019-01-03,2018-12-04,World Music,San Francisco,"New music with artists from 8 of San Francisco's sister cities. 
Support us to knit the world closer together in art and friendship.",132,"{10: 39, 15: 5, 35: 12, 50: 15, 75: 5, 100: 8, 350: 0, 1: 0}",2145,$,10000,101.78,10178,107,2,0,0,8,Real Vocal String Quartet,False,False,CA,Funding Successful,Real Vocal String Quartet creating Culture Kin!
25.57,50.65,2019-01-03,2018-11-21,Interactive Design,Boston,Nautically inspired and built to last. Our signature instrument of chance.,74,"{1: 13, 15: 23, 20: 88, 30: 37, 40: 2, 300: 5, 500: 5}",10241,$,250,3626.4,9066,179,92,0,6,6,Oceanus Brass,False,False,MA,Funding Successful,Deckhand's Dice in Sapphire | Oceanus Brass
0.75,1.67,2019-03-11,2019-03-01,Painting,Cardiff,A series of large scale paintings to explore the visual tension between figure and urban landscape.,99,"{50: 0, 100: 0, 200: 0, 500: 0}",1060,Â£,500,1.0,5,3,0,2,0,0,Jon Wall,False,True,UK,Funding Unsuccessful,Anatomy of the City: A series of paintings by Jon Wall
0.09,1.0,2019-03-11,2019-01-10,Fashion,Denver,A clothing store that creates and sells clothing for the LGBT+ community.,73,"{1: 0, 5: 0, 10: 0, 20: 0, 25: 0, 60: 0, 80: 0, 150: 0, 250: 0, 550: 0}",604,$,555000,0.0,1,1,1,2,0,0,Transitons Clothing,True,False,CO,Cancelled by Creator,Transitions clothing
0.33,37.25,2019-03-11,2019-02-05,Music Videos,Tijuana,"Video musical del tema Â¨MerolÂ¨ de Hafid HernÃ¡ndez Trio, que retrata un futuro en ruinas donde la Ãºnica salvaciÃ³n es la mÃºsica.",126,"{20: 1, 50: 0, 100: 1, 200: 0, 500: 0, 1: 0, 2: 0, 5: 0, 15: 0}",1592,MX$,181000,0.08,149,4,0,0,0,0,Ave SÃ¡nchez,False,True,Mexico,Funding Unsuccessful,Merol Videoclip
1.86,48.77,2019-01-03,2018-12-27,Tabletop Games,Nottinghamshire,"BATTLE OF WATERLOO 1794, AUSTRIAN AND DUTCH INFANTRY IN 28M",59,"{30: 3, 33: 3, 65: 3, 90: 2, 170: 0, 300: 0}",867,Â£,125,507.2,634,13,3,0,0,1,emma,False,False,UK,Funding Successful,BATTLE OF WATERLOO 1794 IN 28MM REVOLUTIONARY WARS WARGAMES
0.43,17.0,2019-01-03,2018-11-06,Rock,Pampa,"We are the OddFellas, looking to fund an album and to help start our first full lengt tour. Here is how you can help!!",118,"{15: 0, 40: 1, 75: 0, 100: 0, 250: 0, 500: 0, 1: 0}",311,$,10000,0.51,51,3,0,0,0,0,OddFellas,True,False,TX,Funding Unsuccessful,OddFellas First Album/Tour
2.0,16.5,2019-03-11,2019-01-10,Academic,Columbus,"A Book About Fly Agaric Mushrooms
A comprehensive book all about Amanita Muscaria mushroom and their significance.",114,"{1: 1, 40: 2, 60: 0}",267,$,1200,8.25,99,6,3,0,0,0,Greg A. Manita,True,False,OH,Funding Unsuccessful,"Help with Book Publishing costs, Research & Development"
0.6,96.33,2019-01-03,2018-12-04,Product Design,Omaha,Collapsible Portable Fire Pit with Cooking Capabilities,55,"{165: 2, 245: 1, 320: 0, 370: 0, 455: 0, 520: 0}",1960,$,20000,2.89,578,6,0,2,0,0,Weylin Unruh,False,True,NE,Funding Unsuccessful,The Full Range Fire Pit
2.0,29.5,2019-01-03,2018-12-04,Academic,Gothenburg,"We read about gender quotas now and then, either presented as a great solution or a terrible injustice. Does the data support either?",133,{50: 1},1748,kr,25000,0.24,59,2,0,0,0,0,Vanja MÃ¥nborg,False,True,Sweden,Funding Unsuccessful,Citizen Scientist Investigates: Gender quotas in business
0.75,100.33,2019-01-03,2018-11-04,Events,Columbus,"Seeking funds to start a farm to table dinner series in Richland County, Ohio featuring our farm and other local producers.",123,"{150: 2, 250: 0, 1: 0, 2: 0}",703,$,8000,3.76,301,3,0,0,0,0,The Odd Sprout Farm,True,False,OH,Funding Unsuccessful,Farm-to-Table Dinner Series
127.12,15.34,2019-03-11,2019-02-25,Graphic Novels,Chicago,"A practical, how-to guide about an increasingly legal high for both the cannabis-curious and veteran smoker! Help this ebook see print!",135,"{5: 318, 10: 522, 15: 85, 25: 25, 30: 25, 40: 25, 70: 10}",3148,$,5000,312.04,15602,1017,12,0,0,2,IronSpike,False,False,IL,Funding Successful,How Do You Smoke a Weed?
1.2,93.17,2019-01-03,2018-12-04,Video Games,Lund,A tactics game combining elements of both RTS and old school RPGs.,66,"{50: 1, 100: 3, 200: 1, 350: 0, 700: 0}",2611,kr,600000,0.09,559,6,0,0,0,0,Darkmatter studios,False,True,Sweden,Funding Unsuccessful,Origin of Infestation
26.38,61.43,2019-03-11,2019-02-09,Young Adult,Kansas City,A monthly subscription box that focuses on BIPOC authors for readers of young adult fiction.,92,"{1: 71, 35: 138, 50: 14, 60: 19, 95: 42, 120: 5, 180: 10, 315: 7, 340: 0}",4166,$,12000,175.58,21070,343,6,0,5,8,Cara Davis,False,False,MO,Funding Successful,Marginsbox - Young Adult Subscription Book Box
25.33,70.78,2019-03-11,2019-02-09,Tabletop Games,Shacklefords,Runic Dice and Iron Runes for Gaming and Spellcraft,51,"{10: 30, 12: 40, 40: 37, 48: 67, 96: 16, 185: 35}",5636,$,1000,1613.8,16138,228,75,0,1,16,David Savedge,False,False,VA,Funding Successful,Scrying Dice: A Tabletop RPG Runic Accessoryâ„¢
16.5,56.46,2019-03-11,2019-02-10,Art,Pittsburgh,"Large scale, high quality prints of monsters, robots, and sci-fi creatures rampaging through American cities.",109,"{40: 35, 50: 25, 75: 16, 80: 6, 90: 8}",1805,$,5000,111.8,5590,99,3,0,0,7,Matthew Buchholz,False,False,PA,Funding Successful,Large Scale Alternate Histories Art Prints
2.0,50.57,2019-03-11,2019-02-20,Animation,Sarasota,Two old ladies drag race mobility scooters to the end of a fabric store aisle to get the last Mega Yarn Ball.,109,"{1: 0, 10: 3, 25: 2, 50: 2, 100: 1, 250: 1, 500: 0}",1254,$,700,101.14,708,14,0,0,0,0,Hag Racing Official,False,False,FL,Funding Successful,Hag Racing - Animated Short Film
1.93,39.22,2019-01-03,2018-12-04,Tabletop Games,Springfield,An grown-up deck building game catering to the juvenile in everyone. Full of cursing and super-heroes.,102,"{1: 8, 2: 1, 3: 0, 4: 0, 5: 4, 6: 0, 7: 22, 20: 0, 25: 0, 35: 1, 45: 1, 50: 8, 60: 0, 70: 2, 100: 2, 125: 0, 150: 0, 175: 0, 200: 1, 250: 0, 300: 1, 350: 1, 550: 0}",1077,$,500,423.6,2118,54,20,0,0,20,Doug Driesel Jr.,False,False,MO,Funding Successful,Captain Asshole Card Game
3.12,30.08,2019-03-11,2019-02-08,Art,Austin,Enamel pins based around the animals of the American Southwest.,63,"{1: 1, 8: 1, 12: 7, 22: 3, 30: 5, 40: 2, 50: 5}",2183,$,700,107.43,752,25,1,0,0,1,Academy of Narrative Art,False,False,TX,Funding Successful,Critters of the Southwest Pins
0.2,1.0,2019-03-11,2019-02-10,Fiction,Havelock,A Queen Among Kings,19,"{5: 0, 15: 0, 25: 0, 30: 0, 40: 0}",884,$,1500,0.07,1,1,0,0,0,0,Olicia Spears Smith,True,False,NC,Cancelled by Creator,Fiction Novel
9.5,48.26,2019-01-03,2018-12-04,Art Books,Dallas,"I have a collection of poetry from throughout my lifetime, and would like to create a photography book that pairs poems with photos.",132,"{10: 1, 25: 15}",2924,$,7500,12.23,917,19,0,0,0,3,Katy Mead,True,False,TX,Funding Unsuccessful,Holes in Human Hearts - Poetry and Photography Pairings
19.0,56.91,2019-01-03,2018-12-04,Publishing,Washington,A self-helpish book about caring for yourself.,46,"{1: 1, 20: 37, 30: 26, 40: 19, 100: 3}",1756,$,4000,135.15,5406,95,0,0,0,3,Erin Segal,False,False,DC,Funding Successful,selfcarefully
3.5,30.68,2019-01-03,2018-11-19,Indie Rock,Dundee,"FLEAM; ten songs of unimaginable originality and genius, nobody sounds quite like STOOR!",88,"{16: 3, 20: 11, 26: 2, 28: 1, 30: 0, 32: 2, 38: 0, 42: 4}",887,Â£,750,114.53,859,28,0,0,0,2,STOOR,False,False,UK,Funding Successful,STOOR's 2nd Album--FLEAM
8.75,438.97,2019-01-03,2018-12-04,Product Design,San Marcos,"The Best of Times Bar V2 is a fully customizable, portable, premium bar packed with features so you can have a good time anywhere",129,"{279: 3, 379: 10, 479: 14}",10587,$,15000,102.43,15364,35,16,0,0,1,Best of Times,False,True,CA,Cancelled by Creator,BEST OF TIMES BAR V2: Itâ€™s a Bar. In a Bag. Designed by You.
34.25,292.23,2019-01-03,2018-11-29,Gaming Hardware,Orlando,"An arcade stick with a full-analog joystick and ergonomic design that works on your PC, Nintendo 64, GameCube, Wii, Wii-U, and Switch.",134,"{1: 15, 225: 14, 249: 60, 475: 41}",2159,$,55000,72.79,40036,137,45,0,7,4,Alt Lab Controllers,False,True,FL,Funding Unsuccessful,Smash Stick - The Analog Arcade Stick
0.4,1.0,2019-01-03,2018-12-04,Letterpress,Steyr,A book of interesting short stories about real people.,54,"{10: 0, 20: 0, 40: 0, 100: 0, 200: 0}",1121,â‚¬,2500,0.08,2,2,0,0,0,0,Dany Tochenhagen,True,False,Austria,Funding Unsuccessful,The Real Facebook
0.25,1.0,2019-01-03,2018-11-04,Radio & Podcasts,Rapid City,"Our motto is to ""Find Your Unknown."" We want our brand to encourage others to pursue their dreams and do it with a debt free lifestyle.",135,"{8: 0, 30: 0, 50: 0, 100: 0}",1626,$,1000,0.1,1,1,0,0,0,3,Jacob and Amy Karras,False,True,SD,Cancelled by Creator,Unnamed Adventures is Creating a Lifestyle Brand!
71.12,59.64,2019-03-11,2019-02-27,Nonfiction,San Francisco,Help launch a bold new book about the end of predatory delay and the beginning of rapid climate action.,103,"{9: 259, 25: 119, 50: 115, 99: 40, 250: 16, 1: 2, 2: 0, 10: 1}",5958,$,21000,161.6,33936,569,10,0,0,3,Alex Steffen,False,False,CA,Funding Successful,The Snap Forward: New thinking for winning the climate fight
1.0,1.0,2019-03-11,2019-01-10,Jewelry,Brooklyn,"I will be making wide variety of jewelry ranging from beaded to luxury stones, in all different price ranges & will take custom orders",134,{150: 0},338,$,20000,0.01,1,1,0,2,0,0,RHV,True,False,NY,Cancelled by Creator,Luxury & Semi-luxury jewelry
6.71,149.79,2019-01-03,2018-12-08,Radio & Podcasts,Copenhagen,En podcast om den legendariske dokumentarserie om DahlgÃ¥rds Tivoli. I fÃ¸rste omgang episode 1-4.,96,"{50: 9, 100: 20, 150: 7, 300: 4, 400: 1, 500: 2, 5: 0}",2210,kr,5000,140.8,7040,47,0,0,0,2,Pelle Lundberg JÃ¸rgensen,False,False,Denmark,Funding Successful,DahlgÃ¥rds Tivoli Podcasten - episode 1-4
3.25,50.23,2019-01-03,2018-12-04,Classical Music,Columbus,Support the American Trombone Quartet in the making of their first album featuring newly commissioned works for trombone quartet.,129,"{15: 5, 25: 8, 35: 6, 45: 3, 75: 0, 100: 2, 1: 0, 2: 0}",1665,$,6000,21.77,1306,26,0,0,0,0,American Trombone Quartet,False,True,GA,Funding Unsuccessful,"American Trombone Quartet ""Premiere!"" Recording Project"
0.86,72.17,2018-12-22,2018-10-23,Crafts,Peckham,FeelingWood has evolved able to apply my abilities to create original products. My goal is to create furniture using reclaimed material,135,"{2: 0, 15: 3, 40: 0, 120: 1, 140: 0, 180: 0, 200: 1}",638,Â£,3000,14.43,433,6,1,0,0,0,Pasquale,False,True,UK,Funding Unsuccessful,Ladder Shelves
7.0,35.52,2019-01-03,2018-12-04,Art,Cardiff,Collectable Pokemon inspired pin and souvenir set,49,"{8: 5, 9: 27, 16: 4, 18: 28, 24: 5, 27: 6, 32: 5, 36: 2, 40: 5, 45: 0, 48: 3, 54: 0, 55: 5, 60: 8, 63: 0, 65: 8}",1269,Â£,250,1591.2,3978,112,12,0,0,9,Emma Jane,False,False,UK,Funding Successful,PokÃ©mon Trainer Kit Anime Enamel Pins
17.54,69.04,2018-12-22,2018-12-01,Drama,London,"ONE IN FIVE: a 12 minute drama about an unlikely bond between two mothers, forged in the darkness of an episode of postnatal depression",135,"{1: 13, 10: 72, 24: 2, 25: 50, 50: 23, 100: 22, 250: 5, 500: 5, 2: 0}",9723,Â£,13800,114.07,15742,228,2,0,0,10,Sarah Beardsall,False,False,UK,Funding Successful,ONE IN FIVE: a short film about postnatal depression
2.0,1.0,2018-12-22,2018-11-22,Apps,Newcastle,An app that detects and highlights a lost key or set of keys visible in the camera of the device,96,{15: 0},308,$,1200,0.17,2,2,0,0,0,0,Patrick Rice-O'Connor,True,False,AU,Funding Unsuccessful,Find my Keys
1.5,504.5,2018-12-22,2018-11-29,Food,Culiacan,Algo para continuar con tu dÃ­a. Con los deliciosos ingredientes de Starken sentirÃ¡s la diferencia.,98,"{10: 1, 500: 0, 1: 0, 3: 0}",2268,MX$,3000,100.9,3027,6,0,0,0,0,Beatriz Negrete,False,False,Mexico,Funding Successful,Starken
1.0,235.0,2018-12-22,2018-11-22,Fashion,Hong Kong,"Hang clothes tree simply, it is OK to let satchel, clothings, cap superpose, also be good idea.",95,"{50: 0, 200: 5, 240: 0, 420: 0, 620: 0, 1: 0}",2187,HK$,5000,28.2,1410,6,0,0,0,0,Simple natural solid wood coatrack,False,True,Hong Kong,Cancelled by Kickstarter,Simple natural solid wood coatrack- A chic for modern room
7.0,30.93,2018-12-22,2018-11-22,Apps,Singapore,"A  non-monetary community platform that matches nearby folks based on their offers and wishes, helps them to share service and goods.",133,"{3: 2, 15: 9}",3133,$,5200,8.33,433,14,1,0,0,0,BulbUp,False,True,Singapore,Funding Unsuccessful,"ShareNet: Match, Meet, Help"
8.0,75.88,2019-03-11,2019-02-06,Music,Lakeland,My very 1st professionally recorded Album featuring original songs written 2014-2018!,85,"{20: 26, 200: 1, 300: 0, 400: 2}",1268,$,3000,101.17,3035,40,0,0,0,2,Patricia Kenoly,False,False,FL,Funding Successful,Arbitration-Based
0.62,35.0,2018-12-22,2018-10-23,Public Art,Oslo,Send a fake political party to Brussles in May 2019. We're gonna use fake politics to shake real politics in Europe.,116,"{10: 1, 100: 0, 500: 0, 1: 0, 5: 0, 15: 0, 25: 0, 50: 0}",7293,kr,300000,0.06,175,5,1,0,0,0,The Intelligence Party,False,True,Norway,Funding Unsuccessful,The Intelligence Party
0.56,101.8,2019-01-03,2018-12-04,Video Games,Zapopan,"2-D platformer game inspired by ""Super Mario World"" and ""Donkey Kong Country"" , with handmade animations and backgrounds.",121,"{100: 0, 160: 1, 200: 0, 300: 1, 2: 0, 5: 0, 10: 0}",4801,MX$,60000,0.85,509,5,2,4,0,0,Chihuas Games,False,True,Mexico,Funding Unsuccessful,Strong-Moon
1.6,35.88,2018-12-22,2018-11-22,Cookbooks,Venice,"I'm going to write a new Cookbook with all the best traditional recipes and stories, made by old Italian grandmothers.",118,"{5: 1, 20: 4, 50: 0, 150: 1, 1: 0}",1428,â‚¬,4000,7.17,287,8,1,0,0,0,Giacomo Zangrando,False,True,Italy,Funding Unsuccessful,Memories from Italy
0.75,15.17,2018-12-22,2018-11-19,Horror,London,Violence and Art collide under the veil of Black Lake - a film about a Churail (South-Asian Witch).,99,"{5: 1, 10: 0, 15: 0, 20: 0, 25: 2, 40: 0, 75: 0, 666: 0}",0,Â£,2000,4.55,91,6,2,14,0,1,K Pervaiz,True,False,UK,Cancelled by Creator,Black Lake - Independent Feature Film Completion
34.0,36.5,2019-02-06,2019-01-17,Tabletop Games,Houston,"Destination Danger is a pocket-sized role-playing adventure set in the 1930s. It can be played anywhere, anytime, and with anyone!",130,"{1: 16, 10: 20, 20: 163, 35: 0, 50: 105, 75: 20, 85: 6, 250: 2, 4: 0}",9949,$,4000,310.25,12410,340,93,0,2,17,Jeff Rosenbaugh,False,False,TX,Funding Successful,Destination Danger by Guardian Moon Games
16.14,111.2,2018-12-22,2018-11-12,Music,Detroit,"A filmed concert DVD/BluRay/Digital version of Electric Six Live In Liverpool, England",86,"{20: 134, 30: 276, 60: 30, 80: 103, 100: 89, 150: 1, 165: 11, 300: 10, 500: 14, 1: 12, 2: 1, 3: 3, 5: 0}",7450,$,30000,257.24,77173,694,20,0,3,1,Electric Six,False,False,MI,Funding Successful,Electric Six - Live In Liverpool
3.0,14.08,2019-01-03,2018-12-04,Tabletop Games,Naples,Have Fan is a cardboard game that mixes together creativity and clever point assignment to get the funniest of the games!,121,"{1: 2, 25: 6, 45: 0, 100: 0}",2803,â‚¬,25000,0.68,169,12,0,0,0,1,Marco Venturelli,False,True,Italy,Funding Unsuccessful,Have Fan
9.0,152.62,2018-12-22,2018-11-29,Art Books,Melbourne,My Creative Life is a carefully crafted art book capturing the textile art and inspiration of textile artist Michelle Mischkulnig.,130,"{10: 2, 55: 35, 60: 12, 80: 8, 110: 2, 165: 1, 200: 4, 250: 23, 340: 1}",5432,$,10000,137.36,13736,90,0,0,0,6,Ryan M,False,False,AU,Funding Successful,My Creative Life - the textile art of Michelle Mischkulnig
7.88,99.71,2019-02-06,2019-01-06,Shorts,Nashville,The story of a how a father's unwavering and unconditional love will affect his children's futures.,99,"{1: 2, 10: 12, 25: 17, 50: 9, 100: 10, 250: 2, 500: 1}",1488,$,6000,104.7,6282,63,0,0,0,3,Elijah Perry,False,False,TN,Funding Successful,Hero (A short film)
16.67,81.1,2019-02-06,2019-01-10,Dance,Los Angeles,"Wacsmash is a student produced, choreographed, funded, and created showcase of work by UCLA World Arts & Cultures/Dance students.",129,"{35: 8, 70: 17, 100: 13}",1942,$,3000,135.17,4055,50,0,0,0,0,WACUS,False,False,CA,Funding Successful,Wacsmash 2019: WACD R&D
1.56,517.08,2018-12-22,2018-11-22,Software,Milan,"Readers get Superpowers
Reading, studying and sharing texts with superpowers
Leggere, studiare e condividere testi con i superpoteri",134,"{5: 1, 10: 4, 15: 3, 20: 3, 30: 1, 75: 2, 150: 0, 200: 0, 250: 3, 400: 0, 500: 2, 1: 0}",1792,â‚¬,20000,64.63,12927,25,2,0,0,5,Giampaolo Ferradini,False,True,Italy,Funding Unsuccessful,The Knowledge Juicer - Kjuicer
2.8,15.21,2019-02-06,2019-01-17,Tabletop Games,Salt Lake City,Four PF/3.5 classes that give you something awesome every time you level up.,76,"{1: 2, 10: 8, 25: 1, 50: 0, 100: 1}",7312,$,800,26.62,213,14,0,3,0,4,Chamomile Has A Project,False,True,UT,Funding Unsuccessful,[Quickstarter] Magignosis
4.75,35239.84,2019-02-06,2018-12-27,Product Design,Kobe-shi,Ethically Made Business Leather Backpack Made by Bangladeshi Craftsmen,70,"{1: 1, 2: 3, 35: 26, 68: 6}",6198,Â¥,1050000,127.53,1339114,38,1,0,1,23,Jillanie,False,False,Japan,Funding Successful,"Jillanie, A Fair Brand of Handmade Leather Bags"
0.83,8.2,2019-02-28,2019-01-29,Video Games,Tampa,I am creating a rogue-like turn-based RPG starting your journey upon birth. You're life choices determine your dungeon and challenges.,134,"{1: 0, 5: 2, 10: 1, 20: 1, 50: 0, 100: 0}",2051,$,4000,1.03,41,5,0,3,1,0,Nathan Binford,True,False,FL,Funding Unsuccessful,The Dankest Odyssey Video Game
0.57,14.0,2018-12-22,2018-11-22,Footwear,Athens,Amrita is the first footwear brand worldwide to offer grounding shoes with interchangeable energy healing crystals ~Handmade in Greece~,135,"{10: 2, 35: 1, 90: 0, 110: 0, 130: 0, 140: 0}",188,â‚¬,10000,0.56,56,4,0,0,0,0,Cassandra Michael,False,True,Greece,Funding Unsuccessful,Amrita - Handmade grounding shoes with healing crystals
0.8,126.5,2019-02-28,2019-01-14,Art,Nashville,Absolute Life Changing Authentic TILII Tibetan Dzi Bead and Gemstone Necklace.,78,"{69: 0, 129: 1, 169: 1, 189: 1, 249: 0}",8157,$,75000,0.67,506,4,0,0,0,0,TILII,False,True,TN,Cancelled by Creator,TILII Certified Tibetan Dzi Bead Necklace
1.83,53.73,2019-02-28,2019-01-29,Woodworking,Akron,Invite a little style into your home with hand crafted maple accent pieces for food and drink.,94,"{10: 0, 25: 2, 35: 1, 45: 2, 50: 4, 75: 1}",2327,$,500,118.2,591,11,2,0,0,5,Aaron Maas,False,False,OH,Funding Successful,Make/100 - Pyrography - Wooden Coasters and Serving Trays
10.25,23.17,2018-12-22,2018-11-22,Illustration,Swansea City and County,"Seeking funding to print a 32 page hardcover book, with an illustration for all 29 letters of the Welsh Alphabet.",113,"{3: 3, 10: 21, 30: 10, 50: 3}",2938,Â£,170,558.82,950,41,0,0,0,9,Mark Hughes,False,False,UK,Funding Successful,"Yr Wyddor, an illustrated Welsh language alphabet hardcover."
4.17,30.28,2019-02-06,2019-01-07,Fiction,Portland,"Mystery in History. 

 Ancient Italy. A Beautiful Heiress. A Powerful Merchant. A Broken Agreement. Argolicus unravels the threads.",131,"{5: 1, 10: 7, 25: 11, 40: 2, 100: 1}",5109,$,3100,24.42,757,25,3,0,4,12,Zara Altair,False,True,OR,Funding Unsuccessful,The Grain Merchant: An Argolicus Mystery
4.71,50.09,2019-02-28,2019-02-01,Design,State College,"Koveroo Bedding has created the amazing,180/360 blanket. This blanket has a integrated pocket for your legs and feet to keep you warm.",134,"{10: 1, 45: 20, 50: 5, 69: 2, 90: 2, 139: 1, 1: 0}",2366,$,15000,11.02,1653,33,2,0,0,3,Koveroo Bedding LLC.,False,True,PA,Funding Unsuccessful,"The Koveroo 180/360 Blanket, All Ways Covered Always Warm."
16.4,283.5,2019-02-06,2019-01-08,Sculpture,Irvine,Alien Skulls sculpted by artist Dom Qwek presented as collectible art sculpture.,80,"{150: 35, 400: 41}",1613,$,10000,232.47,23247,82,7,0,1,11,Dominic Qwek,False,False,CA,Funding Successful,Alien Skulls
7.74,55.49,2019-02-28,2019-02-08,Playing Cards,Toronto,"An artistic professional pack of playing cards for designed and hand illustrated for games, magic and cardistry.",112,"{16: 52, 20: 5, 32: 52, 40: 3, 44: 11, 48: 8, 60: 1, 64: 9, 69: 18, 72: 0, 77: 3, 84: 6, 96: 1, 133: 1, 147: 0, 159: 1, 186: 2, 199: 0, 332: 1, 1: 0, 6: 0}",8106,$,8000,123.47,9878,178,38,0,0,4,Mahdi Gilbert,False,False,Canada,Funding Successful,Emanations Playing Cards | A Study of Real Magic
5.75,70.04,2019-02-28,2019-02-01,Comic Books,Boca Raton,"In a time of Love & Romance, celebrate the Darkest, Dreariest, Most Demonic Dames & Relationships w Poetry & Art.  Happy Anti-Valentine",135,"{16: 5, 25: 58, 35: 40, 77: 14, 140: 9, 250: 1, 325: 0, 333: 8, 340: 0, 600: 1, 666: 0}",1348,$,2500,386.64,9666,138,6,0,0,47,HooligansCO,False,False,FL,Funding Successful,Faro's Lounge -- The Anti-Valentine's Day Sketchbook
44.57,20.39,2019-02-28,2019-02-11,Tabletop Games,Boston,a game about seeking and finding in the woods of Salem,54,"{4: 46, 9: 88, 15: 139, 30: 9, 50: 27}",3810,$,700,908.86,6362,312,8,0,0,13,Will Jobst,False,False,MA,Funding Successful,Black Mass
4.0,39.0,2019-02-28,2019-02-06,Radio & Podcasts,New York,Time to tell your story.,24,{25: 3},626,$,625,24.96,156,4,0,0,0,0,Cindy Clifford,True,False,NY,Funding Unsuccessful,Make 100 Personal Podcast Portraits
16.4,57.62,2019-02-28,2019-02-01,Art,Canton,A Spring Festival Pin & Art Celebration,39,"{9: 27, 10: 8, 18: 76, 26: 49, 35: 13, 44: 15, 52: 2, 61: 4, 70: 2, 79: 1, 88: 0, 96: 0, 105: 0, 120: 5, 175: 41}",5971,$,8250,171.81,14174,246,12,0,0,12,Alchemy Art Group,False,False,OH,Funding Successful,The Essence of Red: Lunar New Year Enamel Pins
1.25,372.07,2019-02-28,2019-02-01,Painting,Jersey City,Help me to start my art company and be the first to own my T-shirts and tote bags!,82,"{10: 5, 40: 3, 70: 0, 5: 1}",1043,$,5000,111.62,5581,15,0,0,0,0,LaVerne Phoebe Ploom,False,False,NJ,Funding Successful,Kickstarting My African American Folk Art Corporation
21.67,52.71,2019-02-28,2019-01-31,Music,Somerville,"a boutique music shop, production studio & tech experience at Bow Market",72,"{15: 16, 25: 37, 35: 17, 40: 25, 150: 5, 450: 0}",1840,$,6000,114.2,6852,130,0,0,0,0,Erik Sarno,False,False,MA,Funding Successful,union sound
0.22,23.0,2019-02-06,2018-12-08,Shorts,Manhattan,"A 12 minutes short film about domestic violence, women independence and American Asian Community in New York.",109,"{5: 0, 13: 0, 20: 0, 35: 1, 49: 0, 85: 0, 150: 0, 320: 0, 1: 0}",2129,$,11000,0.42,46,2,1,0,0,0,David Young,False,True,NY,Funding Unsuccessful,Family violence themed film aiming4 New York Film festivals
90.33,86.23,2019-02-28,2019-02-04,Tabletop Games,Jersey City,A strategy board game of construction and corruption for 1-4 players.,69,"{99: 161, 250: 14, 500: 2}",11644,$,80000,29.21,23367,271,62,8,0,3,Gil Hova,False,True,NJ,Cancelled by Creator,High Rise
3.3,202.48,2019-03-13,2019-02-11,Children's Books,Jersey City,This book ignites your child's passion for words by employing an inventive mixture of artistry and lexicon,106,"{5: 1, 20: 10, 30: 5, 50: 2, 70: 1, 100: 2, 250: 3, 500: 2, 1: 1, 2: 1}",181,$,15000,44.55,6682,33,2,0,0,2,Sudio Sudarsan,False,True,NJ,Cancelled by Creator,A WORD TO THE EYES
10.75,13.02,2019-03-13,2019-02-11,Product Design,Plymouth,Microstove Ultra Light made from hard anodised aluminium...the worlds lightest and compact EDC survival hiking and camping stove,128,"{11: 29, 12: 2, 13: 1, 22: 9}",599,Â£,400,140.0,560,43,4,0,0,6,mark turnbull,False,False,UK,Funding Successful,Microstove UL The worlds lightest camping stove
36.83,48.87,2019-03-13,2019-02-11,Technology,Cleveland,An entirely new way to increase your sexual frequency and boost your romantic relationship with the simple press of a button,124,"{44: 127, 45: 40, 50: 166, 55: 65, 57: 7, 58: 0, 102: 2, 109: 10, 190: 0}",626,$,7500,288.0,21600,442,43,0,7,17,LoveSync,False,False,OH,Funding Successful,LoveSync | Kickstart Your Love life
7.33,34.82,2019-03-13,2019-03-01,Photobooks,Ottawa,A free and independent semi-regular publication of analog black and white photography by local artists needs a printer!,119,"{10: 13, 45: 4, 200: 1}",3090,$,300,255.33,766,22,3,0,3,6,Kenneth,False,False,Canada,Funding Successful,Do It For The Grain
20.5,34.38,2019-03-13,2019-02-11,Design,Columbus,The fun card game that helps you be more creative,49,"{5: 2, 25: 140, 48: 16, 69: 3, 126: 1, 240: 0, 300: 0, 2: 0}",3150,$,12500,45.1,5638,164,13,3,0,5,Matt Vojacek,False,True,OH,Funding Unsuccessful,The Game of Creativity: Volume 2
3.6,16.56,2019-03-13,2019-02-11,Accessories,Louisville,"A zodiac themed hard enamel pin designed by McMadmissile and manufactured by Jiayue Pins Co., LTD.",98,"{1: 1, 10: 5, 15: 5, 20: 3, 30: 1}",955,$,500,59.6,298,18,0,0,0,4,AURELIA LEO,True,False,KY,Funding Unsuccessful,AURELIA LEO â˜€ Zodiac Enamel Pin â˜€
17.27,74.37,2019-03-13,2019-02-19,Games,Houston,"CNC machined from a single piece of solid Copper Tungsten, 99.9% pure Copper, Zirconium or Titanium! The Ultimate Dexterity Trainer!",132,"{25: 140, 29: 73, 39: 3, 54: 13, 149: 4, 159: 0, 299: 1, 319: 0, 499: 18, 950: 2, 1: 0, 2: 0}",3673,$,2000,963.1,19262,259,42,0,0,6,Polar Metals,False,False,TX,Funding Successful,"Polar Exotic Metals Dexterity Trainers: WCu, Cu, Zr, Ti"
17.0,69.47,2019-03-13,2019-02-28,Horror,Mendocino,"Set along the jagged Mendocino coast, Dylan is a short fantasy horror about a boy who is coerced into an ocean society.",119,{30: 9},5388,$,935,126.31,1181,17,2,0,0,0,Hana Bixler,False,False,CA,Funding Successful,Dylan - A Short Film
8.68,93.99,2019-03-13,2019-02-13,Design,Memphis,"3D machined with precision! Fire Dragon, Frost Wyrm, Griffin, Tiger, Unicorn, Siberian Wolf.",92,"{2: 2, 25: 72, 29: 8, 75: 26, 79: 0, 99: 16, 109: 0, 129: 18, 139: 0, 199: 44, 389: 1, 579: 0, 959: 0, 1: 0}",1943,$,1000,1795.2,17952,191,40,0,0,1,Kirich Metals,False,True,TN,Cancelled by Kickstarter,Kirich Metals: 3D Solid Steel Beasts
6.57,17.87,2019-02-06,2019-01-07,Art,Paris,Queer Witch enamel pins to wear your witchy vibes with pride!,61,"{1: 1, 10: 23, 15: 15, 25: 6, 40: 0, 75: 0, 120: 0}",1274,â‚¬,300,274.0,822,46,0,0,0,7,Potassium,False,False,France,Funding Successful,Queer Witch Enamel Pins - Make/100
19.23,37.07,2019-03-05,2019-01-29,Digital Art,Garden Grove,"This collection is a combination of three of my favorite things in the world, the beauty of fragrances, flowers, and eeveelutions.",130,"{1: 1, 10: 6, 12: 119, 24: 52, 36: 24, 48: 13, 50: 7, 60: 4, 72: 0, 80: 1, 90: 1, 95: 17, 100: 3}",1542,$,300,3089.33,9268,250,17,0,0,19,Judy V Nguyen,False,False,CA,Funding Successful,Pokemon Eeveelutions Fragrance Enamel Pin Collection
0.69,192.56,2019-02-28,2019-01-30,Sculpture,Raleigh,An online exhibition of lasercut sculptures.,44,"{100: 11, 200: 2, 750: 0, 1: 1, 3: 0, 5: 0, 10: 0}",7893,$,20000,17.33,3466,18,0,0,0,1,Grebniew Kaz,False,True,NC,Funding Unsuccessful,Laser Beams | Manifest Dreams
3.75,43.67,2019-02-28,2019-02-02,Art,Toronto,Give Retro Some Love With this Ultimate Hug Pin <3,50,"{14: 2, 17: 5, 18: 3, 36: 3}",112,$,550,119.09,655,15,0,0,0,3,Shawn Starr,False,False,Canada,Funding Successful,The Ultimate Hug
9.0,1.89,2019-03-05,2019-03-04,Zines,Stanford,A minimalist guide to creating a crowd funding campaign.,56,{1: 7},537,$,5,340.0,17,9,8,0,0,3,Beau,False,False,CA,Funding Successful,Creative Manual â¬œ
9.5,22.32,2019-03-05,2019-02-13,Illustration,Singapore,Tokyo Ghoul Enamel Pin,22,"{14: 5, 16: 13}",542,$,350,121.14,424,19,0,0,0,4,Nadine Gan,False,False,Singapore,Funding Successful,Tokyo Ghoul Enamel Pin
74.67,11.28,2019-03-05,2019-02-12,Games,Marlton,"A set of airships of varying types and shapes for 5E along with a bestiary, inspired by Aerial Adventures.",106,"{5: 151, 8: 20, 25: 50}",1766,$,500,505.4,2527,224,35,0,0,17,James Streissand,False,False,NJ,Funding Successful,Airships of Brackas: A Supplement for 5e
5.85,89.06,2019-03-05,2019-02-11,Country & Folk,Barnstable,"12 Rebirth. Not just a new album from Alicia but a Vision of Community. Queen City Records. Music, Empowerment, Transformation for all.",135,"{11: 21, 22: 19, 33: 21, 44: 6, 55: 17, 66: 5, 77: 4, 88: 5, 99: 8, 111: 9, 222: 0, 333: 0, 444: 2, 555: 2, 666: 0, 777: 0, 888: 1, 999: 0, 1: 1, 2: 0, 5: 0, 9: 0}",8223,$,44000,30.77,13537,152,0,3,0,8,Alicia Mathewson,False,True,MA,Funding Unsuccessful,12 Rebirth: A New Album & Vision from Alicia Mathewson
0.25,1.0,2019-03-05,2019-01-04,Apparel,New York,It was not created to be temporary. It doesn't follow trends. Classic & Fresh designs to create a timeless look,111,"{50: 0, 250: 0, 500: 0, 1: 0}",3199,$,24000,0.0,1,1,0,0,0,0,EV,False,True,NY,Funding Unsuccessful,"Timeless Designs created to last in style,colors & materials"
10.33,215.17,2019-03-13,2019-02-11,Shorts,Los Angeles,"Over the course of one night, six people are connected by one thing: a 7-year-old girlâ€™s severed leg.",101,"{1: 5, 10: 11, 15: 6, 30: 8, 75: 4, 100: 23, 500: 8, 3: 1}",5262,$,20000,100.06,20011,93,0,0,0,0,Oliver Bernsen,False,False,CA,Funding Successful,CONNECTIVE TISSUE - a short film
1.0,1.0,2019-03-13,2019-02-11,Crafts,Madrid,"A decorative element with unique plants, visual and handcrafted. Decorative canvases made one by one",100,"{30: 0, 50: 0}",326,â‚¬,1500,0.13,2,2,0,0,0,0,GordonÂ´s Projects,True,False,Spain,Funding Unsuccessful,Decorative canvas with plants
0.33,26.5,2019-03-05,2019-02-03,Action,Gulf Shores,"Indie, action B-movie.",22,"{5: 0, 20: 0, 45: 1, 65: 0, 100: 0, 200: 0}",832,$,100,53.0,53,2,3,3,0,0,Channel 7,False,True,AL,Funding Unsuccessful,Attack on Toxic Island - (B-movie Action)
5.57,80.62,2019-03-05,2019-01-04,Comic Books,Toronto,An anthology biography series profiling artists from Toronto,60,"{5: 10, 10: 1, 20: 12, 50: 3, 100: 5, 500: 1, 1: 0}",3847,$,3000,104.8,3144,39,4,0,0,3,Nelson Caetano,False,False,Canada,Funding Successful,The Gathering Place
7.27,115.61,2019-03-05,2019-02-03,Video Games,San Angelo,"A Super Nintendo pocket collector's guide book consisting of every US licensed SNES game, plus 3 new aftermarket CIB games and goodies!",135,"{10: 9, 30: 25, 60: 11, 70: 2, 80: 4, 100: 2, 130: 3, 150: 1, 200: 0, 260: 18, 460: 1}",3145,$,4000,231.23,9249,80,4,0,0,7,Jeffrey Wittenhagen,False,False,TX,Funding Successful,Complete SNES: Pocket Book & 3 New Super Nintendo Games!
7.0,17.46,2019-03-05,2019-02-18,Illustration,Southend-on-Sea,"A collection of glittery fox enamel pins, including a red, fennec, arctic and silver!",85,"{7: 5, 8: 28, 14: 5, 16: 5, 21: 5, 24: 1, 28: 5, 32: 6}",799,Â£,250,440.0,1100,63,0,0,0,10,Sophie Eves,False,False,UK,Funding Successful,Fox Breeds!: Four Fox Enamel Pins
306.2,10.61,2019-03-05,2019-02-05,Tabletop Games,Minneapolis,"A tabletop RPG about a curious girl in a wondrous world, for telling stories like Alice in Wonderland or The Wizard of Oz.",122,"{1: 13, 9: 1, 16: 154, 30: 42, 75: 6}",6782,$,500,3248.6,16243,1531,51,0,1,10,Jesse Ross,False,False,MN,Funding Successful,Girl Underground â€” Zine Quest
31.67,30.97,2019-03-05,2019-02-05,Children's Books,Minneapolis,"Cute and spirited Cami Kangaroo is back in the second book in the series ""Cami Kangaroo and Wyatt Too"".",103,"{5: 12, 15: 24, 17: 133, 25: 18, 30: 60, 45: 18, 100: 2, 250: 0, 289: 0}",2938,$,8000,110.34,8827,285,2,0,5,11,Stacy C Bauer,False,False,MN,Funding Successful,Cami Kangaroo Has Too Much Stuff!
30.9,49.02,2018-06-21,2018-05-22,Product Design,Denver,Golfkicks turn your favorite footwear into custom golf shoes,60,"{20: 122, 25: 30, 40: 73, 44: 11, 55: 23, 60: 6, 72: 10, 96: 8, 120: 12, 550: 3}",396,$,15000,100.98,15147,309,21,0,6,15,Golfkicks,False,False,CO,Funding Successful,Golfkicks - Transform Your Sneakers Into Golf Shoes
91.86,39.6,2018-06-22,2018-05-26,Playing Cards,St. Louis,Playable Deck Holders - Easy Draw Standard & Mini American Cards.  Thick Plastic to Safely Transport Decks and Organize Game Boxes.,131,"{15: 231, 30: 394}",3425,$,7000,363.74,25462,643,287,0,4,19,Zen Bins,False,False,MO,Funding Successful,Zen Bins Quick Draw Card Holders
25.33,116.11,2019-03-13,2019-02-11,Gadgets,Markham,"The world's most thoughtfully designed smart travel wallet. Over 10+ features, so you pack light, keep charged, and stay organized.",131,"{60: 35, 66: 148, 80: 85, 115: 15, 119: 20, 127: 54, 145: 7, 238: 13, 597: 1}",1388,$,5000,882.44,44122,380,203,0,0,19,Team Skylight INC,False,False,Canada,Funding Successful,SKYLIGHTÂ® iTravel Smart Passport Wallet
0.25,1.0,2018-06-22,2018-05-23,Web,San Francisco,"DealProxy wants to be the best way to find crowd sourced local deals, displaying them by distance, with no vouchers to purchase!",128,"{5: 0, 25: 0, 150: 0, 3: 0}",5957,$,80000,0.0,1,1,0,0,0,0,Danyel Areff,True,False,CA,Funding Unsuccessful,DealProxy - Local Crowd Sourced Deals on your Phone
3.67,47.64,2018-06-21,2018-04-22,Publishing,Phoenix,I am working on getting my 2nd book printed! Feathers in The Sky is a children's book that focuses on uplifting our youth!,122,"{25: 15, 45: 0, 50: 3, 300: 1, 350: 0, 800: 0}",2019,$,5063,20.7,1048,22,1,0,1,3,Janine Hernandez,False,True,AZ,Funding Unsuccessful,Feathers in The Sky
2.12,7.47,2019-03-05,2019-02-05,Comic Books,Oklahoma City,"Meet Atticus, the worst slave Rome has ever known. A 26 page black & white comic book set in Ancient Rome.",106,"{1: 0, 2: 4, 5: 4, 7: 2, 11: 4, 14: 0, 15: 0, 20: 2}",1128,$,400,31.75,127,17,2,2,0,5,Brian Cole,True,False,OK,Funding Unsuccessful,Atticus Decimater: Accidental Hero
11.7,66.82,2018-06-22,2018-05-23,Drama,Portland,"In 2042, Dr. Margaret Carter is facing the death penalty. These are a series of recordings played as evidence in her trial.",123,"{10: 24, 25: 29, 50: 11, 100: 10, 175: 1, 200: 2, 275: 1, 300: 3, 500: 2, 1: 0}",2906,$,7500,104.24,7818,117,3,0,0,19,Molly Silverstein,False,False,OR,Funding Successful,The Choice - A Dystopian Podcast
7.12,110.26,2018-06-22,2018-05-23,Nonfiction,Cypress,Finding Hope Through One Pastor's Doubt!,40,"{10: 3, 25: 12, 50: 10, 100: 15, 250: 6, 500: 3, 1: 0, 5: 0}",4429,$,6000,104.75,6285,57,0,0,0,15,Steve Hinton,False,False,TX,Funding Successful,Confessions of a Pastor
31.89,151.21,2018-06-22,2018-05-29,Product Design,Stuttgart,German Precision Optics Combined With Sleek Italian Design,58,"{1: 48, 25: 10, 75: 8, 115: 64, 125: 7, 155: 30, 175: 15, 200: 73, 225: 31}",5848,â‚¬,10000,433.97,43397,287,177,0,9,20,LEMURO,False,False,Germany,Funding Successful,LEMURO: Transform Your Smartphone Into A Professional Camera
0.85,258.55,2018-06-22,2018-05-18,Apparel,Clifton,"We design & make luxury-grade outerwear in our own factory in Clifton, NJ & cut out traditional middlemen, passing huge savings to you.",135,"{10: 1, 319: 0, 349: 0, 379: 2, 389: 4, 409: 0, 429: 1, 469: 0, 649: 0, 779: 0, 799: 0, 869: 0}",4354,$,30000,9.48,2844,11,0,0,0,0,ARMIS OUTERWEAR LLC,False,True,NJ,Cancelled by Creator,PREMIUM OUTERWEAR. MADE IN USA. AMAZING PRICE.
6.5,411.15,2018-06-22,2018-05-22,Product Design,New York,Paddock Chronograph is a racing-inspired timepiece powered by a Hybrid Meca-Quartz Movement. Pre-order now to get 35% OFF the price!,132,"{379: 36, 399: 0, 419: 0, 750: 0, 1: 0, 2: 1}",5667,$,40000,40.09,16035,39,12,2,0,2,PaceMasters Watches,False,True,NY,Cancelled by Creator,Racing-inspired Chronograph with Carbon fiber and Alcantara
21.62,57.53,2019-03-05,2019-02-08,Webseries,Los Angeles,"Red Hood: The FAN Series Season 2  follows the adventures of Red Hood, Red Robin, and Damian Wayne as they fight to save Gotham!",128,"{1: 22, 5: 32, 10: 48, 20: 38, 35: 30, 50: 31, 75: 11, 100: 17, 150: 11, 250: 15, 500: 1, 2: 1}",4414,$,15000,107.78,16167,281,27,0,3,18,Ian Lang,False,False,CA,Funding Successful,Red Hood: The FAN Series Season 2
7.08,167.33,2018-06-22,2018-05-23,Restaurants,Harlem,"A small, neighborhood cafe that serves exceptional coffee and a space to host intimate events of celebration and community.",123,"{5: 1, 10: 13, 15: 7, 25: 6, 50: 6, 75: 5, 100: 15, 150: 2, 200: 4, 300: 2, 500: 3, 1: 3}",3051,$,15000,102.63,15394,92,1,0,0,7,Karina Paz-Oshiro,False,False,NY,Funding Successful,Common Good Harlem
19.71,26.2,2018-06-22,2018-06-04,Anthologies,Yorba Linda,"A 5 story, 48 page comic inspired by classic pulp magazines like Creepy, Eerie and Tales From the Crypt!",104,"{1: 2, 5: 42, 15: 49, 25: 19, 60: 15, 100: 6, 250: 1}",3143,$,1250,289.2,3615,138,33,0,1,12,Kyle Roberts,False,False,CA,Funding Successful,"5 FROM BEYOND: a sci-fi, horror & suspense anthology comic!"
0.62,114.2,2018-06-22,2018-05-23,Apparel,Winchester,"A high security, urban messenger bag that converts into a headrest providing maximum comfort and security for travellers and commuters.",135,"{2: 0, 8: 0, 60: 3, 65: 0, 70: 0, 350: 1, 650: 0}",4408,Â£,13000,4.39,571,5,0,2,0,2,Andrew Walker,False,True,UK,Cancelled by Creator,"Napsak - Stylish, secure & comfortable. A stunning bag."
39.5,256.64,2018-06-22,2018-06-19,Design,Mount Maunganui,Is This The World's Greatest Letter Opener? Made From Grade 5 Titanium. Ultra-Minimalist. ...Built To Last A LIFETIME!,118,"{186: 42, 229: 92, 329: 6, 399: 14}",6778,$,2900,1398.24,40549,158,16,0,0,9,Magnus Macdonald,False,False,NZ,Funding Successful,The Ultimate Titanium Letter Opener!
7.5,95.07,2018-06-23,2018-05-23,Indie Rock,Mankato,"Let's go for the gold with our second studio album, ""It Could Have Been You""!",77,"{1: 0, 10: 13, 25: 32, 40: 4, 50: 14, 75: 4, 100: 9, 200: 2, 400: 2, 600: 0, 750: 1}",2922,$,7500,114.08,8556,90,1,0,0,4,Good Night Gold Dust,False,False,MN,Funding Successful,Good Night Gold Dust | It Could Have Been You
12.0,124.2,2018-06-23,2018-06-01,Spaces,St. Paul,"Creating fresh spun gourmet cotton candy made with organic cane sugar and no artificial dyes. Spinning out smiles, spreading the joy!",133,"{10: 9, 15: 4, 25: 79, 45: 8, 55: 13, 75: 7, 100: 26, 150: 6, 300: 1, 500: 1, 1: 0, 2: 1, 5: 0}",2489,$,25000,101.35,25337,204,0,0,0,13,Tevy,False,False,MN,Funding Successful,Spinning Wylde Cotton Candy Shop
1.0,1.0,2018-06-22,2018-05-23,Apparel,Santa Ana,"Ill be creating a clothing line, it will be including t-shirts, long sleeves, hats, and accessories as well",107,{25: 0},399,$,15000,0.01,1,1,0,0,0,1,Ryan Ly,True,False,CA,Funding Unsuccessful,L1FE
10.33,12884.54,2018-06-23,2018-05-24,Pop,Tokyo,"EDEN KAI 2nd Album ã®åˆ¶ä½œåŠã³ãƒ—ãƒ­ãƒ¢ãƒ¼ã‚·ãƒ§ãƒ³
EDEN KAI's 2nd Album production and promotion",78,"{2: 19, 3: 54, 5: 3, 7: 12, 10: 4, 15: 10, 20: 2, 25: 10, 50: 3, 300: 2, 750: 0}",4037,Â¥,1000000,159.77,1597683,124,2,0,0,27,EDEN KAI,False,False,Japan,Funding Successful,EDEN KAI - 2nd Album Project
1.36,47400.3,2018-06-23,2018-05-24,Product Design,Tokyo,KATURA Knife ~ 45 Layer Hammered Damascus AUS10 Stainless Steel Blade with Premium Wood Handle ~ 100% Handcrafted in Japan,122,"{14: 2, 16: 1, 17: 3, 18: 3, 19: 4, 21: 0, 22: 1, 23: 0, 28: 1, 32: 0, 38: 2, 46: 2, 52: 0, 54: 2, 59: 0, 84: 0, 95: 3, 105: 3, 122: 2}",7783,Â¥,1200000,118.5,1422009,30,2,0,0,3,KIKUSUMI,False,False,Japan,Funding Successful,KATURA Handcrafted Kitchen Knife Made in Japan by Kikusumi
0.33,9.0,2018-06-23,2018-06-05,Film & Video,Iowa City,Vampires travel like wild animals and a pack has moved into town. Trapped together a group of innocent people try and survive the night,135,"{15: 0, 25: 1, 40: 0, 50: 0, 175: 0, 200: 0, 300: 0, 500: 0, 2: 0}",2580,$,12500,0.22,27,3,0,12,0,0,Bill Albert,False,True,IA,Funding Unsuccessful,The Pack
491.33,42.08,2018-06-23,2018-05-23,Tabletop Games,Sylvan Lake,"Transform the game box in this fast-action card & dice game. Play anywhere, play everywhere!",92,"{28: 1, 50: 163, 475: 11}",1279,$,8000,775.25,62020,1474,724,0,7,35,2niverse Games,False,False,Canada,Funding Successful,Tiny Ninjas - Battle in a Box
4.0,5.5,2018-06-23,2018-05-22,Film & Video,Long Island,Norman Smith suffers a public breakdown in the presence of the bounty hunter assigned to return his twin brother back to the asylum.,132,{100: 0},1174,$,2000,1.1,22,4,0,0,0,0,John Flanagan,False,True,NY,Funding Unsuccessful,"Yes, I Have Been Ill"
15.67,125.04,2018-06-22,2018-06-05,Publishing,Chicago,The Center for Progressive Strategy and Research is a Think and Do Tank that conducts policy analysis to assist organizing campaigns.,133,"{25: 24, 250: 1, 500: 2}",4485,$,5500,106.85,5877,47,0,0,0,0,Michael Collins,False,False,IL,Funding Successful,The Center for Progressive Strategy and Research
2.0,131.4,2018-06-23,2018-05-24,Tabletop Games,Salt Lake City,"Iconic Character ""Valeros"" - 1 of 6 coins in the collectable series",67,"{15: 0, 25: 0, 55: 3, 85: 11, 100: 0, 125: 1, 150: 0, 250: 2, 350: 1, 500: 1}",3938,$,25000,10.51,2628,20,2,0,0,1,Trenton McKean,False,True,UT,Cancelled by Creator,Pathfinder Roleplaying Game 2oz .999 Silver Coin Series
84.67,49.37,2018-06-23,2018-06-07,Graphic Design,Portland,A reboot of the LGBTQ Pride flag with an emphasis on inclusion and progression.,79,"{1: 22, 5: 112, 40: 323, 80: 41, 500: 0}",1925,$,14000,179.16,25082,508,19,0,2,26,Daniel Quasar,False,False,OR,Funding Successful,"""Progress"" A PRIDE Flag Reboot"
0.5,1.0,2018-06-23,2018-05-29,Rock,Sydney,I am here to fund equipment and other things i need to record my first Ep. it's called 'Elbow Grease' and is 5 songs in length.,127,"{10: 0, 25: 0}",1148,$,3000,0.03,1,1,0,0,0,0,Joe George,True,False,AU,Funding Unsuccessful,Joe George - Elbow Grease
0.8,23.75,2018-06-23,2018-04-24,Technology,Port Byron,OpeE - Splits bandage packages and cleaves trash bags!,54,"{7: 1, 15: 2, 20: 0, 25: 0, 150: 0}",3123,$,20700,0.46,95,4,2,5,0,1,Jacob Lee Downey,False,True,IL,Funding Unsuccessful,OpeE - The bandage opener
30.64,105.34,2018-06-22,2018-06-01,Literary Spaces,Georgetown,"Programming and interactive displays for an independent bookstore in Georgetown, Texas.",87,"{1: 12, 5: 0, 10: 7, 20: 46, 25: 39, 30: 88, 100: 76, 250: 22, 500: 18, 750: 0}",2418,$,30000,118.33,35500,337,2,0,5,5,Jane Estes and the Lark & Owl Team,False,False,TX,Funding Successful,"Lark & Owl Booksellers, an independent bookstore"
18.0,136.17,2018-06-23,2018-05-24,Product Design,Quebec,Upgrade your portable hoop to a professionnal level for 99$ USD,63,{128: 13},1506,$,30000,8.17,2451,18,1,2,0,0,Daniel Breton,False,True,Canada,Funding Unsuccessful,Basketball Projaw: Steel Stand for Portable Basketball Hoops
0.8,9.0,2018-06-22,2018-05-06,Children's Books,Berkshire,"My project 'Resilience Books' for young people, my first title ""I Have Decided To Be Happy"" unique stories, with inspiring illustration",135,"{5: 0, 10: 0, 20: 1, 50: 0, 100: 0}",1110,Â£,3000,1.2,36,4,0,0,0,0,Carol Phillips,False,True,UK,Funding Unsuccessful,Resilience  Books For Young People
0.4,8.0,2018-06-23,2018-06-04,Print,Rochester,"A novel about an Iraqi immigrant Muslim who is writing a diary to his very young daughter about the ""Trump Revolution"" in 2016 - 2017.",134,"{5: 0, 15: 1, 25: 0, 35: 0, 50: 0}",4875,$,15000,0.11,16,2,0,0,0,0,Hussein Smko and Y. Kerry Sara,False,True,NY,Cancelled by Creator,The Eclectic Post
1.22,1596.0,2018-06-23,2018-05-09,Wearables,Hong Kong,"C-one is the new always-with-you and easy-to-charge wireless headset for modern urban nomads. Go out, be healthy, have C-one with you.",134,"{538: 1, 618: 1, 695: 1, 775: 2, 1: 4, 2: 0}",7054,HK$,130000,13.5,17556,11,0,0,4,2,Thomas Markfelder,False,True,Hong Kong,Funding Unsuccessful,C-one | always-with-you and easy-to-charge wireless headset
12.75,70.76,2018-06-22,2018-05-22,Tabletop Games,Seattle,"An English-language edition of the hit French boardgame, Z First Impact!",72,"{50: 7, 100: 4, 110: 1, 180: 15}",3905,$,50000,7.22,3609,51,67,2,0,2,WYSIWYGames,False,True,WA,Cancelled by Creator,Z First Impact - English Language Edition
0.67,6.0,2018-06-22,2018-05-23,Comedy,Salt Lake City,An epic saga about the greatest men in entertainment history. Here to bring you tears of joy and sorrow through their adventures.,129,"{1: 1, 10: 2, 20: 0, 30: 0, 50: 0, 100: 0}",1354,$,100,24.0,24,4,0,0,0,0,Ammon Thomson,False,True,UT,Funding Unsuccessful,Oofy Bois - Sucky Videos
3.0,334.0,2018-06-22,2018-04-23,Games,Indianapolis,A unique social environment that redefines the way you play video games with your friends.,90,{25: 0},2603,$,20000,5.01,1002,3,0,0,0,0,Sam,True,False,IN,Funding Unsuccessful,Indianapolis Game Haven
1.0,1.0,2018-06-22,2018-04-23,Games,KÃ¶ngen,Ein zu 99% usergeneriertes MMORPG,33,"{50: 0, 2: 0}",2255,â‚¬,10000,0.02,2,2,0,2,0,0,Dennis M. Heine,False,True,Germany,Funding Unsuccessful,Gamewhizzards
0.6,2.33,2018-06-22,2018-05-13,Photobooks,Florence,"To continue my book on the warmth,beauty and charm of Florence,Italy by the visual language of photography, by living there this summer",135,"{25: 0, 100: 0, 250: 0, 500: 0, 1: 0}",2100,$,4500,0.16,7,3,0,0,0,3,matthew pace,True,False,Italy,Funding Unsuccessful,"photo book of Florence,Italy"
48.0,23.5,2018-06-22,2018-05-23,Product Design,Yucaipa,NEW!! Black Label Co. Carbon Fiber adjustable key holder organizer with quick key extraction and cell phone stand. Great Everyday Carry,135,"{17: 25, 19: 70}",1755,$,1000,225.6,2256,96,26,0,0,16,Black Label Co.,False,False,CA,Funding Successful,Black Label Co Carbon Fiber adjustable key holder organizer
5.77,93.95,2018-06-23,2018-05-23,Product Design,Seattle,"With the turn of a dial, the Aervana Select allows you to choose exactly the right amount of aeration for the wine being served.",128,"{60: 50, 80: 8, 85: 2, 155: 5, 165: 0, 225: 4, 240: 1, 290: 2, 310: 0, 350: 2, 375: 0, 405: 0, 435: 0}",4816,$,29000,24.3,7046,75,5,0,6,5,Aervana,False,True,WA,Funding Unsuccessful,The All-New Aervana Select â€” Wine aeration (re)defined
34.84,31.68,2018-06-22,2018-05-22,Graphic Novels,New York,"A post-apocalyptic adventure about a girl and her mutated cat from the creators of PLUME and DESTINY, NY.",105,"{5: 3, 10: 210, 15: 30, 20: 199, 25: 45, 30: 34, 35: 78, 40: 13, 50: 20, 55: 7, 100: 2, 150: 4, 200: 2, 300: 0, 400: 2}",2262,$,13000,161.32,20971,662,65,0,0,35,Space Between Entertainment,False,False,NY,Funding Successful,AFTERGLOW - A graphic novel by Pat Shand & K. Lynn Smith
2.45,186.11,2018-06-22,2018-05-21,Drinks,Italia,"We are producing a new generation Vermouth di Torino. VermÃ² is fresh and very easy to drink, perfect for your aperitivo!",120,"{5: 3, 10: 1, 15: 1, 20: 3, 30: 8, 39: 1, 50: 5, 69: 2, 99: 3, 100: 0, 150: 0, 200: 0, 400: 0, 500: 1, 550: 1, 1: 1}",673,â‚¬,10000,100.5,10050,54,0,0,1,5,VermÃ² Vermouth,False,False,Italy,Funding Successful,VermÃ² Vermouth. The king of aperitivo is back!
13.5,76.63,2018-06-22,2018-05-23,Software,Los Angeles,We are well on our way to making the worldâ€™s greatest automated proofreading system that will improve the worldâ€™s writing.,122,"{10: 6, 29: 16}",2370,$,5000,41.38,2069,27,0,0,0,1,Tom Perrin,False,True,CA,Funding Unsuccessful,World's Best Auto-Proofreading System - Nothing to Install
5.0,103.6,2018-06-22,2018-04-23,Restaurants,Yukon,A specialty coffee and Liege waffle coffee house who employs and mentors teens aging out of foster care.,104,"{15: 2, 30: 13, 50: 7, 75: 1, 100: 3, 250: 2, 500: 0, 1: 1}",2170,$,35000,11.84,4144,40,1,0,0,0,Jessica Leal and Rachel Smith,False,True,OK,Funding Unsuccessful,The Red Bird Coffee House
4.5,89.32,2018-06-22,2018-05-23,Painting,Yamanashi-shi,Support Jennifer's Mission to Bring Japanese Woodblock Printing to the World,76,"{10: 3, 25: 8, 50: 17, 75: 6, 100: 9, 150: 1, 250: 2, 350: 4, 495: 1, 500: 0, 720: 0, 850: 0, 1: 0}",8458,$,4250,132.4,5627,63,0,0,0,14,Jennifer Lim Art,False,False,Japan,Funding Successful,Australian Artist Jennifer Lim Awarded Japan Art Residency
1.5,9.0,2018-06-22,2018-04-23,Video Games,Seattle,MechWorld is an FPS (First-person-shooter) with puzzles and combat to get your motherboard that was stolen by Dr. Rickson.,122,"{25: 1, 50: 0}",1120,$,10000,0.27,27,3,0,0,3,5,CrazyTiger Games,False,True,WA,Funding Unsuccessful,MechWorld
4.22,98.34,2018-06-22,2018-05-23,Fashion,Denver,On a mission to leave the world better than we found it.,56,"{10: 0, 25: 12, 50: 13, 100: 6, 250: 1, 500: 1, 1: 1}",2878,$,20000,18.68,3737,38,0,2,0,0,Just Be Nice,False,True,CO,Funding Unsuccessful,Just Be Nice - Attitude and Apparel
