avg_backers_per_pledge_tier,avg_pledge_amount_per_backer,campaign_end_date,campaign_start_date,category,city,description,description_length,dict_pledge_tier_backer,featured_project,full_desc_len,funding_currency,funding_goal,funding_percentage,funding_raised,num_backers,num_comments,num_created_by_owner,num_faqs,num_pledge_backers,num_pledge_tiers,num_updates,owner,project_img,project_video,state,status,title
2.0,48.22,2019-03-11,2019-02-22,Comic Books,Concord,"A calendar comic that chronicles a year of my adventures in cartoon school, and a sketchbook to help others record their own days.",130,"{5: 0, 15: 1, 20: 11, 40: 9, 45: 1, 50: 7, 65: 3, 75: 0, 80: 1, 95: 0, 150: 0, 165: 0, 200: 1, 225: 0}",1,4367,$,500,356.8,1784,37,4,1,0,34,17,18,Sandra Bartholomew,18,0,NH,Funding Successful,QUO VADIS Calendar Comic & ARTGENDA Sketchbook
0.16,33.6,2019-03-11,2019-01-25,Video Games,España,Massive Multiplayer Roleplay and Medieval life simulator set in a fantasy world.,80,"{25: 1, 40: 1, 50: 0, 75: 0, 100: 1, 200: 0, 300: 0, 500: 0, 750: 0, 1: 0, 2: 0, 5: 0}",0,0,€,50000,0.34,168,5,0,1,0,3,19,1,Millennium Games,21,3,Spain,Cancelled by Creator,Kingdoms of Ereloth - MMORPG Medieval Life Simulator
15.0,56.46,2019-03-11,2019-02-10,Art,Pittsburgh,"Large scale, high quality prints of monsters, robots, and sci-fi creatures rampaging through American cities.",109,"{40: 35, 50: 25, 75: 16, 80: 6, 90: 8}",0,1805,$,5000,111.8,5590,99,3,1,0,90,6,7,Matthew Buchholz,3,1,PA,Funding Successful,Large Scale Alternate Histories Art Prints
0.5,13.6,2019-03-11,2019-01-10,Young Adult,Logrono,Una saga de novelas.,20,"{1: 1, 5: 0, 15: 1, 30: 0, 50: 1, 100: 0}",0,1898,€,2500,2.72,68,5,0,1,0,3,6,3,Víctor Aristimuño,1,0,Spain,Funding Unsuccessful,Inner Hero
134.56,110.18,2019-03-11,2019-01-30,Product Design,Rijswijk,"From the creators of the Bobby Anti-theft Backpack, we are pleased to announce not just 1, but TWO new premium Anti-Theft models.",129,"{75: 1, 90: 443, 145: 217, 150: 407, 180: 17, 210: 92, 290: 33, 700: 1, 1: 0}",0,3395,€,20000,1224.1,244819,2222,690,1,54,1211,9,7,XD Design,106,1,Netherlands,Funding Successful,The Bobby Pro & Bobby Tech Anti-Theft Backpacks by XD Design
14.43,30.3,2019-03-11,2019-02-09,Video Games,Dallas,Romance Visual novel based in a university set slightly in the future!,70,"{1: 11, 19: 42, 29: 24, 39: 2, 49: 11, 59: 9, 175: 2}",0,628,$,6500,48.48,3151,104,8,1,0,101,7,0,Jonathan Solis,1,0,TX,Funding Unsuccessful,Dawn Drop: Visual novel
1.0,2.33,2019-03-11,2019-01-10,Apparel,Perth,exotic resort swimwear brand which focuses on bold prints and quality fabrics inspired by vibrant cultures around the world,123,{5: 1},0,1855,$,10000,0.07,7,3,0,1,0,1,1,0,Elodie Payet,1,0,AU,Funding Unsuccessful,Hand Designed swimwear - quality & vibrant fabrics
10.89,90.87,2019-03-11,2019-02-04,Film & Video,Los Angeles,"At the height of the Reagan 80s, a family of Canadian Communists struggles to fit into an ultra-conservative neighborhood.",122,"{5: 22, 15: 45, 25: 25, 30: 20, 40: 21, 55: 3, 60: 28, 100: 16, 125: 4, 150: 4, 300: 2, 500: 3, 1: 1, 3: 2}",0,9519,$,25000,102.14,25535,281,1,1,1,196,18,4,Leah Cameron,13,1,CA,Funding Successful,The Communist's Daughter: A Cold War Comedy Set in the 1980s
8.75,45.77,2019-03-12,2019-02-05,Technology,Boston,"TVOOT is the first crowd-powered, social TV platform.",53,"{5: 6, 24: 26, 89: 2, 129: 1}",0,1605,$,15000,12.21,1831,40,1,1,1,35,4,1,Vinny Pizzi,29,1,MA,Cancelled by Creator,TVOOT - Better TV
3.86,81.38,2019-03-11,2019-02-14,Shorts,Bristol,"With their icy relationship Hideo is unable to lean on his brother, Touma and so to stop his nightmares he calls upon the Baku.",127,"{1: 2, 10: 4, 20: 4, 35: 10, 50: 3, 100: 2, 500: 2}",0,1952,£,2500,120.44,3011,37,0,1,0,27,7,0,Brother_Film,8,2,UK,Funding Successful,BROTHER - GRADUATE FILM
42.67,91.59,2019-03-11,2019-02-09,Playing Cards,Kyle,A hand illustrated deck of luxury playing cards that exemplify the combination of beautiful design and technical achievement.,125,"{16: 48, 20: 23, 26: 14, 32: 15, 36: 199, 58: 25, 94: 105, 188: 25, 200: 21, 210: 3, 294: 24, 388: 10}",1,1759,$,35000,135.03,47260,516,117,1,0,512,12,6,Jackson Robinson,5,1,TX,Funding Successful,"The Invocation - Exquisite, hand illustrated playing cards."
0.5,127.2,2019-03-10,2019-02-05,Graphic Design,Ithaca,"Back again Amazing Logo Design by Lynn's Logos. Branding is more than just a logo, it is your brands personality.",113,"{10: 1, 30: 0, 50: 1, 75: 1, 200: 0, 500: 1, 700: 0}",0,284,$,100,636.0,636,5,0,1,0,4,8,1,Diane Tomlinson,7,0,NY,Funding Successful,"Amazing Vector Logo, Website, Product Design and Printing"
125.5,63.02,2019-03-11,2019-02-09,Tabletop Games,Grande Prairie,4 glory seekers and 1 troubled world. Good luck!,48,"{1: 70, 50: 247, 65: 185}",0,669,$,15000,213.43,32014,508,310,1,0,502,4,13,Jeremy Hogg,26,2,Canada,Funding Successful,Glory
59.11,54.4,2019-03-10,2019-02-08,Illustration,Atlanta,"An innovative, diamond shaped 48 card oracle deck inspired by the happiness of pursuit.",87,"{20: 30, 30: 280, 42: 62, 45: 63, 60: 21, 95: 48, 100: 23, 150: 5}",0,8386,$,6480,450.0,29160,536,23,1,1,532,9,4,Andy Swartz,30,0,GA,Funding Successful,The Pathfinder Oracle Deck
0.14,3.75,2019-03-11,2019-01-10,Apparel,Zurich,Fitness for everybody,21,"{3: 1, 15: 0, 17: 0, 20: 0, 25: 0, 40: 0, 70: 0}",0,412,$,3000,0.5,15,4,0,1,0,1,7,0,Adrian Flükiger,1,0,Switzerland,Funding Unsuccessful,Aesthetic Physique
4.11,31.35,2019-03-12,2019-01-21,Comic Books,Plymouth,"First chapter in an epic generation-spanning sci-fi odyssey through deep space, time, and consciousness. Tasting notes provided.",128,"{3: 8, 5: 9, 7: 10, 20: 3, 50: 3, 75: 0, 100: 2, 250: 2}",0,4732,£,1000,125.4,1254,40,0,1,0,37,9,14,Ross Bampfylde,27,1,UK,Funding Successful,Chateau Obsidian - Issue One
6.47,44.46,2019-03-11,2019-02-09,Nonfiction,Melbourne,"This book empowers us to nurture healthy development & respect for our babies, our children, our teens & ourselves- for a happy life.",133,"{2: 0, 10: 8, 15: 30, 22: 14, 30: 20, 38: 1, 40: 11, 50: 8, 54: 0, 60: 1, 70: 2, 80: 0, 88: 0, 95: 0, 120: 2}",0,624,$,4000,113.38,4535,102,0,1,0,97,15,12,Kirsty Lee,13,4,AU,Funding Successful,Gentle Parenting Memes - VOL.2 - The evolving journey...
14.5,25.11,2019-03-12,2019-02-05,Digital Art,Glasgow,Original digital art inspired by The Adventure Zone (TAZ) characters. 22 tarot cards in total with a unique back and tuck box.,126,"{3: 3, 23: 48, 35: 7}",0,3856,£,5500,27.85,1532,61,4,1,0,58,4,1,Ana Thompson,1,0,UK,Funding Unsuccessful,Seven Birds Tarot Deck: A major arcana set
4.29,16.26,2019-03-11,2019-02-14,Music,Belfast,"When the waves of life crash on the shores of song ....""Tidal"" ...Snapshots of Emotion from the land of piano and harp.  My 6th Album!",134,"{8: 3, 10: 14, 15: 3, 20: 10, 40: 0, 65: 0, 300: 0}",0,2990,£,2000,25.2,504,31,0,1,0,30,7,4,ursula Burns,0,1,UK,Cancelled by Creator,"""Tidal"" New Album by Ursula Burns"
3.12,156.44,2019-03-10,2019-02-18,Music,Austin,Support a vibrant local creative culture by helping Michigan House bring Michigan Music to SXSW!,96,"{5: 2, 10: 2, 20: 8, 30: 5, 50: 5, 100: 2, 500: 1}",0,1431,$,5000,100.12,5006,32,0,1,0,25,8,0,Michigan House,5,1,TX,Funding Successful,Michigan House Music
3.0,44.47,2019-03-10,2019-02-19,Musical,New York,Turning traditional musical theatre on its head and reimagining the way we approach queer identity onstage.,107,"{20: 5, 30: 1, 55: 3}",0,436,$,650,116.31,756,17,0,1,0,9,3,0,No Man's Land Theatre Company,1,0,NY,Funding Successful,No Man's Land Theatre Co. Presents: The Gay Cabaret 2019
1.44,23.0,2019-03-10,2019-01-24,Mixed Media,Los Angeles,Your anibae made into an enamel pin,35,"{1: 0, 7: 10, 10: 4, 15: 5, 20: 0, 30: 1, 33: 1, 40: 0, 50: 0, 55: 0, 70: 0, 77: 0, 85: 0, 90: 0, 105: 0, 110: 2}",0,1331,$,500,110.4,552,24,2,1,0,23,16,10,Kiana,4,0,CA,Funding Successful,Anime Boy Enamel Pin Set
9.4,52.22,2019-03-10,2019-02-13,Photography,Montreal,Impression et lancement des deux premiers tome du projet photographique documentaire Forest Gardeners.,102,"{10: 3, 20: 11, 40: 20, 80: 8, 120: 5}",0,2766,$,2200,118.68,2611,50,0,1,0,47,5,0,Sébastien Michaud,6,0,Canada,Funding Successful,Livre photographique Forest gardeners part 1 & 2
8.08,65.44,2019-03-10,2019-02-24,Product Design,Montreal,Detailed model available in solid cast metal or resin (with choice of graphite finish or pre-primed for customized home painting.),130,"{20: 2, 25: 56, 33: 0, 45: 8, 65: 6, 73: 3, 85: 1, 90: 12, 98: 2, 110: 2, 130: 1, 138: 4}",0,2018,$,1000,647.9,6479,99,27,1,0,97,12,6,Peregrine360,23,0,Canada,Funding Successful,"Velociraptor ""Deinonychus"" Claw Fossil Replica"
35.5,35.69,2019-03-10,2019-02-07,Accessories,Montreal,"Get your favourite Unicorn, Mermaid or Dragon pin to wear proudly!",66,"{1: 2, 5: 0, 7: 43, 21: 107, 35: 35, 70: 26}",0,2276,$,1200,636.42,7637,214,16,1,0,213,6,14,Miskelle,10,0,Canada,Funding Successful,Mythical Creatures Pride Pins
18.75,26.52,2019-03-12,2019-02-07,Comic Books,Dover,An adventure-filled intergalactic epic!,39,"{1: 4, 5: 29, 10: 31, 15: 40, 20: 28, 35: 4, 40: 8, 150: 6}",0,6329,$,2000,201.55,4031,152,35,1,0,150,8,13,John Schlim Jr,35,1,NH,Funding Successful,Infinity Agents #1 comic
11.0,48.83,2019-03-10,2019-01-30,Poetry,Atlanta,Made with Love for the Enviornment and People,45,"{10: 10, 30: 13, 60: 10}",0,2845,$,2000,100.1,2002,41,0,1,0,33,3,1,Kailen Kim,5,1,GA,Funding Successful,A Poem A Day: Poetry Book for the Youth
18.11,50.58,2019-03-10,2019-02-08,Fashion,Los Angeles,Sunny ita bag,13,"{12: 27, 15: 21, 25: 12, 40: 15, 50: 45, 55: 9, 60: 11, 75: 23}",0,503,$,6000,139.08,8345,165,0,1,1,163,9,17,Jackie Rindlisbach,7,0,CA,Funding Successful,Lost Princess Ita Bag
10.0,92.78,2019-03-10,2019-02-05,Music,London,Rachel McGarry's first album of devotional chant music!,55,"{1: 2, 15: 21, 25: 43, 50: 15, 108: 15, 300: 4, 2: 0}",0,2937,$,10000,102.06,10206,110,5,1,0,100,10,14,Rachel McGarry,4,1,Canada,Funding Successful,Songs for Savasana Album
0.9,58.64,2019-03-10,2019-02-06,Apps,Margate,"Rate10 is a rating, voting and competition app where you vote based on emotion.",79,"{1: 0, 10: 0, 25: 3, 35: 1, 50: 2, 100: 2, 250: 1, 500: 0}",0,6221,$,25000,3.28,821,14,0,1,0,9,10,1,Manuel Guillen,7,1,FL,Cancelled by Creator,"Don’t Just Love It, Rate It! With Rate10!"
0.07,12.5,2019-03-12,2019-02-05,Graphic Novels,Kansas City,Not a novel. Not a comic. Dive into the world of Punktown.,58,"{1: 0, 5: 0, 10: 0, 12: 0, 15: 0, 17: 1, 18: 0, 20: 0, 25: 0, 30: 0, 99: 0, 499: 0, 999: 0, 4: 0}",0,7833,$,10000,0.25,25,2,0,1,0,1,15,0,Nelson Pahl,1,0,MO,Cancelled by Creator,Punktown Graphic Novel
0.0,50.5,2019-03-12,2019-02-10,Musical,Surrey,"Face The Music is a brand new music and dance show, based around the career of an international DJ and mobile discotheque operator.",131,{100: 0},0,711,£,315000,0.03,101,2,1,1,0,0,1,0,Michael Fabb,1,0,UK,Funding Unsuccessful,Face The Music
0.0,1.0,2019-03-12,2019-02-26,Film & Video,Coventry,"Myself and a friend will be creating YouTube content of road trips, car reviews, and more. However we need some funding for the project",135,"{5: 0, 20: 0, 150: 0}",0,950,£,3000,0.03,1,1,0,1,0,0,3,0,BSTV UK,0,1,UK,Funding Unsuccessful,"BSTV: YouTube Channel. Cars, Laughs, Boats and more."
0.0,1.0,2019-03-11,2019-01-10,Public Art,Eastsound,"A portable museum of oddities, one of a kind objects, folk art and sideshow gaffs. The Cabin of Curiosities!",108,"{25: 0, 75: 0, 400: 0, 750: 0, 1: 0}",0,1225,$,20000,0.01,1,1,0,1,0,0,5,0,Thomas Thomas Tillman,1,0,WA,Cancelled by Creator,Cabin of Curiosities on Wheels
2.8,65.3,2019-03-12,2019-02-10,Webseries,Chicago,A comedy/drama web series about three friends whose lives play out in different movie genres each day.,102,"{5: 2, 10: 1, 20: 8, 100: 2, 300: 1}",0,675,$,1500,100.13,1502,23,0,1,0,14,5,0,Grant Osum,1,1,IL,Funding Successful,Movie Night
4.0,31.52,2019-03-11,2019-02-09,Children's Books,Buffalo,A children's picture book highlighting the issue of children entering the foster care system with all of their things in a garbage bag.,135,"{1: 0, 5: 2, 8: 1, 10: 2, 15: 7, 20: 10, 30: 8, 40: 6}",0,2763,$,750,176.53,1324,42,0,1,0,36,9,7,Brandon Mayes,2,1,NY,Funding Successful,Foster: A Story to End Garbage Bags in Foster Care
208.17,53.85,2019-03-11,2019-02-18,Art,London,"In pursuit of perfection, Series M adds more tools to your painting arsenal, unlocking a greater range of techniques.",117,"{45: 1088, 85: 152, 180: 9}",0,4965,£,10000,683.33,68333,1269,143,1,0,1249,6,7,Artis Opus,42,1,UK,Funding Successful,Artis Opus - Series M: Brush Set
6.25,24.2,2019-03-11,2019-02-13,Jewelry,Southampton,The sequel to the Good Dogs Enamel Pin Collection Kickstarter - here is Good Dogs 2 with 7 new breeds and 12 new designs!,121,"{5: 5, 7: 14, 12: 12, 18: 4, 24: 3, 30: 4, 35: 3, 85: 5}",0,656,£,400,326.75,1307,54,2,1,0,50,8,6,Naariel,6,0,UK,Funding Successful,Good Dogs 2: The Enamel Pins
36.0,20.04,2019-03-12,2019-02-10,Comic Books,Columbus,"A prologue story centering on the uncanny childhood of Hibi, the people who raised her, and the primordial moments that defined her.",132,"{1: 1, 5: 47, 12: 10, 15: 98, 45: 24}",1,453,$,3000,122.27,3668,183,3,1,0,180,5,5,Royal Dunlap,12,0,OH,Funding Successful,DIE HIBI DIE VOL.0 - WELCOME TO THE JUNGLE
34.0,33.36,2019-03-11,2019-02-09,Children's Books,Philadelphia,A children's book about animal friends learning to set and respect boundaries,77,"{5: 6, 18: 113, 50: 30, 75: 4, 100: 17}",0,1545,$,3800,167.68,6372,191,3,1,0,170,5,3,Isy Abraham-Raveson,10,1,PA,Funding Successful,The Great Big Hug
0.0,3.5,2019-03-11,2019-01-10,World Music,Youngstown,We are creating our debut album and we need your help! All contributions will go directly into the creation & production of this album!,135,"{10: 0, 100: 0}",0,619,$,30000,0.02,7,2,0,1,0,0,2,1,Vanhii,1,0,OH,Cancelled by Creator,Hippie Hooray!
0.0,1.0,2019-03-12,2019-01-11,Comedy,St. Petersburg,Comedy short movie,18,{10: 0},0,1816,$,1000,0.1,1,1,0,1,0,0,1,0,Vitaliy Dovgusha,1,0,Russia,Funding Unsuccessful,"""Passenger"""
0.2,13.5,2019-03-11,2019-02-25,Art,Columbus,Pokémon-inspired kitty enamel pin set,37,"{1: 0, 8: 0, 10: 0, 18: 0, 23: 1}",0,511,$,420,6.43,27,2,0,1,0,1,5,0,Brooke,1,0,OH,Cancelled by Creator,Kit-achu Enamel Pin Set
3.38,90.91,2019-03-12,2019-02-15,Tabletop Games,Exeter,Expanding Imperial Games retail to include a fully equipped kitchen to supply our glorious customers with restaurant quality food,129,"{5: 11, 10: 7, 15: 1, 20: 5, 25: 7, 30: 5, 50: 3, 100: 6, 200: 6, 500: 3, 1: 0}",0,3490,£,5000,101.82,5091,56,5,1,1,54,16,8,Steven Morgan,2,0,UK,Funding Successful,Imperial Games Restaurant Launch
1.0,2.33,2019-03-11,2019-02-09,Restaurants,Laredo,you won't have to wait for your food in any resturant ever again and can order ahead through your phone app,107,{5: 1},0,438,$,3900,0.18,7,3,0,1,0,1,1,0,Jaime,0,1,TX,Funding Unsuccessful,Fast Track
5.5,48.26,2019-03-10,2019-02-05,Tabletop Games,Toronto,"A shotgun card game with six infamous warriors; quick set-up and play, a lifetime to master, 15 games in one box. Test your wit!",128,"{1: 14, 2: 0, 25: 32, 35: 3, 46: 2, 50: 3, 100: 0, 200: 1}",0,5859,$,11900,23.12,2751,57,30,1,0,55,10,3,Richard MacRae,37,2,Canada,Cancelled by Creator,"Duels of Cartisora — 2 Players, 6 Warriors and 15 Games"
11.14,74.58,2019-03-12,2019-01-26,Tabletop Games,Phoenix,"Crit Hit 4: Summer of Summoning. 3 days of tabletop RPGS, Board Games and more!",79,"{1: 2, 35: 13, 45: 59, 50: 3, 70: 30, 90: 18, 95: 7, 100: 3, 115: 10, 116: 2, 185: 6, 250: 1, 400: 2}",0,5262,$,9500,130.32,12380,166,3,1,0,156,14,8,Emanuel James Miller,22,0,AZ,Funding Successful,Crit Hit 4: Summer of Summoning
9.57,20.82,2019-03-11,2019-02-09,Tabletop Games,Pasadena,"An RPG location module about some dwarves, their mine and the demon who lives next door. For Dungeons & Dragons 5E and Pathfinder RPG.",134,"{8: 24, 15: 3, 25: 25, 30: 10, 40: 2, 45: 1, 50: 2}",0,5725,$,1000,141.6,1416,68,9,1,2,67,7,14,Douglas Sun,1,1,CA,Funding Successful,The Demon's Veins: A Module for D&D 5E and Pathfinder
0.2,59.67,2019-03-11,2019-03-04,Illustration,Acuña,I'll create a beautiful pencil portrait from your photo.,56,"{150: 1, 250: 0, 600: 0, 1: 0, 2: 0}",0,767,MX$,3000,5.97,179,3,0,1,0,1,5,0,ENRIQUE RAFAEL,1,0,Mexico,Funding Unsuccessful,Portraits by Enrique Garcia
9.0,363.53,2019-03-11,2019-01-26,Apps,San Francisco,A new movement that uses clever technology to unlock the magic of preparing great meals.,88,"{1: 42, 25: 20, 50: 16, 55: 23, 75: 6, 88: 14, 100: 39, 150: 0, 200: 7, 250: 0, 275: 1, 2: 2, 3: 1}",0,743,$,75000,102.76,77069,212,4,1,0,171,19,11,Ben Gulick,4,1,CA,Funding Successful,Kitchen Appetite
0.0,1.0,2019-03-10,2019-01-09,Software,Boynton Beach,The only email management app to address email overload using smart tools and filters.,86,"{10: 0, 20: 0, 30: 0, 50: 0}",0,5402,$,50000,0.01,3,3,0,1,0,0,4,0,Jyoti Das,1,1,FL,Funding Unsuccessful,Idomail-One stop email Management App
19.14,35.18,2019-03-11,2019-02-09,Illustration,Seattle,An adult-themed coloring book (in language only) based on the idea of animals swearing.,87,"{5: 1, 10: 2, 20: 67, 25: 25, 35: 24, 55: 5, 100: 10}",0,913,$,1000,485.5,4855,138,12,1,0,134,7,25,Zoe,6,0,WA,Funding Successful,Animals Swearing: The Adult Coloring Book
4.85,51.19,2019-03-11,2019-02-18,Art,Anchorage,"Elves of Middle Earth, Lord of the Rings & Hobbit inspired Large Hard Enamel Pins",81,"{13: 8, 14: 9, 26: 8, 28: 5, 39: 10, 42: 6, 56: 4, 70: 1, 78: 4, 91: 1, 104: 4, 126: 0, 130: 3}",0,2873,$,850,385.41,3276,64,9,1,0,63,13,8,Kari Ronning,18,0,AK,Funding Successful,Lore of the Elves - Hard Enamel Pins
39.86,80.87,2019-03-11,2019-02-08,Gadgets,Los Angeles,"3 x USB 3.0, 4K@30Hz HDMI, SD & MicroSD card slots, 3.5mm AUX, Up to 49w PD supported USB-C",91,"{59: 100, 69: 1, 79: 56, 89: 1, 129: 99, 179: 16, 299: 6}",0,4062,$,5000,2298.4,114920,1421,554,1,3,279,7,10,NuDock,39,2,CA,Funding Successful,NuDock: A Dock that Turns Your Smartphone To A Computer
28.8,49.61,2019-03-11,2019-02-09,Children's Books,Panama City,"A children’s book tackling stereotypes in STEM, by sharing the colorful stories of 26 women of color from an astronomer to zoologist.",133,"{5: 8, 25: 83, 50: 28, 75: 11, 100: 14}",0,2089,$,6500,124.42,8087,163,1,1,10,144,5,8,Erin Twamley,11,1,FL,Funding Successful,Everyday Superheroes: Women in STEM Careers (Book)
208.6,19.59,2019-03-12,2019-02-19,Tabletop Games,Minneapolis,"A collection of puzzles, codes, and ciphers in five stunning postcards.",71,"{1: 21, 12: 559, 24: 452, 50: 11}",0,6842,$,8000,256.44,20515,1047,80,1,0,1043,5,10,The Enigma Emporium,19,1,MN,Funding Successful,Blowback -- Wish You Were Here Part II
0.86,17.62,2019-03-11,2019-01-17,Fiction,Inverness,A science fiction novel about the Loch Ness Monster,51,"{1: 0, 5: 1, 15: 3, 25: 2, 50: 0, 100: 0, 8: 0}",0,1610,$,8000,1.76,141,8,0,1,0,6,7,0,Keith D. Graham,1,0,UK,Cancelled by Creator,The Tacharan A Story of Loch Ness
1.33,26.0,2019-03-11,2019-01-10,Product Design,Washington,The Clementine Skin Care Daily Experience,41,"{18: 3, 48: 4, 75: 1, 125: 0, 150: 0, 240: 0}",0,3309,$,10000,3.9,390,15,0,1,0,8,6,0,Clementine,1,0,DC,Funding Unsuccessful,Clementine : Your Daily Skin Care Experience
0.33,136.33,2019-03-12,2019-02-10,Technology,Austin,"Tutorials, improved.",20,"{190: 1, 200: 1, 390: 0, 1: 0, 9: 0}",0,2996,MX$,20000,2.04,409,3,0,1,0,2,6,0,Donovan Acosta,4,1,TX,Funding Unsuccessful,BYTE: A platform where tutorials are easier.
2.29,52.74,2019-03-11,2019-02-19,Shorts,Cornwall and Isles of Scilly,"A student short from Falmouth University focusing on love and loss, the two main things the human race can not live without.",124,"{5: 1, 10: 3, 20: 3, 35: 0, 50: 6, 100: 1, 150: 2}",0,3022,£,700,143.14,1002,19,2,1,0,16,7,2,Chloe Richardson,1,1,UK,Funding Successful,A Well Kept Secret (Short Film)
17.5,5.57,2019-03-11,2019-02-19,Design,San Diego,"A cap that protects your pencil, and makes it easy to carry",59,"{1: 13, 3: 22}",0,1542,$,100,206.0,206,37,7,1,0,35,2,4,Gary Peng,5,0,CA,Funding Successful,Quickstarter: CapNClip - A cap for your pencil
2.0,46.6,2019-03-11,2019-03-01,Installations,San Antonio,A pop up art show at Brick at Blue Star Arts Complex,52,"{5: 0, 20: 2, 50: 4}",0,1075,$,350,133.14,466,10,0,1,0,6,3,1,Ann Bettison Enzminger,1,1,TX,Funding Successful,LESSON PLAN: Exploring the Intersection of Art and Teaching
0.0,1.0,2019-03-11,2019-01-10,Apparel,Atlanta,Fun graphic shirts using quality materials.,43,"{5: 0, 10: 0, 30: 0}",0,1137,$,1500,0.07,1,1,0,1,0,0,3,0,Matty Maniacal,4,1,GA,Cancelled by Creator,Quality Graphic Shirts for Men & Women
4.0,28.68,2019-03-11,2019-02-14,Graphic Novels,London,"Follow unwitting heroes Bluebird and Kit as they go on quest that will test their strength, loyalty to the Order, and their friendship.",135,"{4: 1, 6: 3, 8: 3, 11: 8, 14: 2, 18: 6, 30: 5}",0,5026,£,782,113.68,889,31,3,1,0,28,7,3,Scott Lewis Broom,13,3,UK,Funding Successful,Order of the Wing - Secrets of the Castle.
1.77,96.63,2019-03-12,2019-02-10,Footwear,Barcelona,"The first neutral fitting shoe for both feet. A high quality, innovative and stress-free alternative to boost your kid's confidence.",132,"{1: 1, 19: 2, 25: 0, 39: 8, 49: 4, 59: 1, 69: 2, 89: 1, 99: 1, 119: 0, 169: 1, 199: 2}",0,5795,€,8000,36.24,2899,30,5,1,0,23,13,1,UaN Shoes,68,1,Spain,Funding Unsuccessful,"UaN-The wrong foot solution for happy, independent children"
3.4,74.5,2019-03-12,2019-02-26,Product Design,Los Angeles,Notebooks inspired by the greatest architects of all time.,58,"{30: 5, 60: 4, 75: 4, 150: 4, 500: 0}",0,3428,$,100,1341.0,1341,18,2,1,0,17,5,0,GoArchitect,9,0,CA,Funding Successful,Quickstarter: Architecture Notebooks
20.0,495.32,2019-03-11,2019-02-09,Performance Art,Minneapolis,"Our critically-acclaimed, redemptive storytelling needs a new home and you have the power to make that happen. #OWTrises",120,"{1: 32, 25: 27, 50: 15, 100: 56, 250: 29, 500: 10, 2: 7, 5: 4}",1,2661,$,100000,111.45,111446,225,12,1,0,180,9,11,Open Window Theatre,11,1,MN,Funding Successful,Redemption '19: Restoring Open Window Theatre
0.67,34.75,2019-03-11,2019-01-14,Software,Mexico,"Una red social seria, segura y comunicada para participar en decisiones políticas de un país.
Una opción confiable para votar.",126,"{10: 2, 50: 0, 100: 0}",0,407,MX$,50000,0.28,139,4,0,1,0,2,3,0,Noé Js,1,0,Mexico,Funding Unsuccessful,Consulta ciudadana
0.0,1.0,2019-03-11,2019-01-10,Fashion,Denver,A clothing store that creates and sells clothing for the LGBT+ community.,73,"{1: 0, 5: 0, 10: 0, 20: 0, 25: 0, 60: 0, 80: 0, 150: 0, 250: 0, 550: 0}",0,604,$,555000,0.0,1,1,1,1,0,0,11,0,Transitons Clothing,1,0,CO,Cancelled by Creator,Transitions clothing
1.0,16.5,2019-03-11,2019-01-10,Academic,Columbus,"A Book About Fly Agaric Mushrooms
A comprehensive book all about Amanita Muscaria mushroom and their significance.",114,"{1: 1, 40: 2, 60: 0}",0,267,$,1200,8.25,99,6,3,1,0,3,3,0,Greg A. Manita,1,0,OH,Funding Unsuccessful,"Help with Book Publishing costs, Research & Development"
3.0,30.08,2019-03-11,2019-02-08,Art,Austin,Enamel pins based around the animals of the American Southwest.,63,"{1: 1, 8: 1, 12: 7, 22: 3, 30: 5, 40: 2, 50: 5}",0,2183,$,700,107.43,752,25,1,1,0,24,8,1,Academy of Narrative Art,5,0,TX,Funding Successful,Critters of the Southwest Pins
1.29,50.57,2019-03-11,2019-02-20,Animation,Sarasota,Two old ladies drag race mobility scooters to the end of a fabric store aisle to get the last Mega Yarn Ball.,109,"{1: 0, 10: 3, 25: 2, 50: 2, 100: 1, 250: 1, 500: 0}",0,1254,$,700,101.14,708,14,0,1,0,9,7,0,Hag Racing Official,1,1,FL,Funding Successful,Hag Racing - Animated Short Film
0.18,19.83,2019-03-11,2019-01-10,Comic Books,Las Vegas,A comic that showcases a cage fighting league with 25 females and 25 males.  Representing all 50 states of America.,115,"{15: 0, 20: 1, 30: 0, 35: 0, 45: 1, 100: 0, 200: 0}",0,3048,$,5000,2.38,119,6,0,1,0,2,11,0,Akecheta Comics,9,2,NV,Funding Unsuccessful,Akecheta: Fighters across USA represent their city and state
25.0,70.78,2019-03-11,2019-02-09,Tabletop Games,Shacklefords,Runic Dice and Iron Runes for Gaming and Spellcraft,51,"{10: 30, 12: 40, 40: 37, 48: 67, 96: 16, 185: 35}",0,5636,$,1000,1613.8,16138,228,75,1,1,225,9,16,David Savedge,14,2,VA,Funding Successful,Scrying Dice: A Tabletop RPG Runic Accessory™
23.54,61.43,2019-03-11,2019-02-09,Young Adult,Kansas City,A monthly subscription box that focuses on BIPOC authors for readers of young adult fiction.,92,"{1: 71, 35: 138, 50: 14, 60: 19, 95: 42, 120: 5, 180: 10, 315: 7, 340: 0}",1,4166,$,12000,175.58,21070,343,6,1,5,306,13,8,Cara Davis,12,1,MO,Funding Successful,Marginsbox - Young Adult Subscription Book Box
0.0,6.17,2019-03-11,2019-01-10,Thrillers,Baltimore,An drama/thriller of an dark horse mixed-martial artist seeking vengeance on the men who killed his father.,107,{100: 0},0,969,$,2000,1.85,37,6,1,1,0,0,1,0,David Bennett,1,0,MD,Funding Unsuccessful,"""Dark Horse"" A Film Production"
126.25,15.34,2019-03-11,2019-02-25,Graphic Novels,Chicago,"A practical, how-to guide about an increasingly legal high for both the cannabis-curious and veteran smoker! Help this ebook see print!",135,"{5: 318, 10: 522, 15: 85, 25: 25, 30: 25, 40: 25, 70: 10}",1,3148,$,5000,312.04,15602,1017,12,1,0,1010,8,2,IronSpike,17,1,IL,Funding Successful,How Do You Smoke a Weed?
3.66,23.82,2019-03-11,2019-02-02,Comic Books,Washington,The Strange #4 returns with a New art team and more!,52,"{1: 0, 4: 15, 5: 18, 7: 13, 10: 15, 15: 14, 17: 10, 21: 6, 22: 5, 25: 4, 27: 1, 30: 6, 35: 6, 40: 1, 42: 0, 43: 0, 52: 1, 60: 3, 65: 3, 70: 1, 74: 0, 75: 0, 84: 1, 85: 1, 100: 3, 150: 1}",0,3914,$,2500,122.92,3073,129,24,1,0,128,35,13,John Daniel Taylor IV,47,1,DC,Funding Successful,The Strange #4
0.1,48.5,2019-03-11,2019-02-19,Product Design,Los Angeles,This time we have prepared only the best models for the last couple of years from our workshop. All done by hand.,113,"{36: 0, 45: 0, 62: 0, 64: 0, 80: 1, 82: 0, 86: 0, 100: 0, 120: 0, 145: 0}",0,4541,$,500,19.4,97,2,0,1,0,1,10,0,DA VINCI CO.,36,1,CA,Cancelled by Creator,LEATHER TRAVEL KIT : wallets & passport covers
24.75,23.15,2019-03-12,2019-01-21,Fiction,Dallas,Anthology of short horror stories about road trips written by a variety of award winning authors.,97,"{1: 39, 5: 16, 10: 91, 15: 7, 25: 25, 50: 6, 100: 12, 250: 2}",0,532,$,4000,117.47,4699,203,16,1,0,198,8,13,Kyle Harrison,2,1,TX,Funding Successful,The Wrong Roads Anthology
0.33,50.5,2019-03-12,2019-01-11,Animation,Philadelphia,"Creating an  Animation Project for the Trapazonians ""Torah Queen"". Twelve Black Females chosen to become guardians of planet earth.",131,"{50: 0, 75: 0, 100: 1}",0,4980,$,30000,0.34,101,2,0,1,0,1,3,1,Romoulous Malachi,23,1,PA,Cancelled by Creator,Trapazonians code name Torah Queens
0.0,1.0,2019-03-11,2019-01-10,Jewelry,Brooklyn,"I will be making wide variety of jewelry ranging from beaded to luxury stones, in all different price ranges & will take custom orders",134,{150: 0},0,338,$,20000,0.01,1,1,0,1,0,0,1,0,RHV,1,0,NY,Cancelled by Creator,Luxury & Semi-luxury jewelry
0.33,79.5,2019-03-12,2019-01-11,Software,Mexico,"Oculta archivos en una imagen y guárdala, para recuperar el archivo introduce la contraseña.",92,"{20: 0, 40: 0, 120: 1}",0,1066,MX$,200000,0.08,159,2,0,1,0,1,3,0,Virgilio Ramirez Garcia,3,1,Mexico,Cancelled by Creator,Sakura Arcano Visión Oculta archivos en imagenes.
0.0,2.33,2019-03-12,2019-01-21,Film & Video,London,"A feature film based on  the  love triangle between a former first Lady , a shipping magnate and an opera diva",110,"{10: 0, 50: 0, 100: 0, 250: 0, 500: 0}",0,1269,£,8000,0.09,7,3,0,1,0,0,5,0,Stage Theatre Company,1,0,UK,Funding Unsuccessful,"O Jackie , film feature"
15.0,66.18,2019-03-12,2019-02-05,Tabletop Games,Franklin,"The popular Heroes & Treasure family RPG expands with new maps, enemies, and treasures.",87,"{1: 5, 39: 102, 59: 3, 89: 15, 129: 1, 149: 4, 369: 2, 399: 3}",0,4747,$,9000,100.0,9000,136,40,1,1,135,9,10,Davis & Daughters Games,21,1,MA,Funding Successful,Heroes & Treasure: Darkness & Light Campaign
18.0,20.91,2019-03-12,2019-01-11,Music,Bristol,"I’m recording my 6th official full-length album.

Title ‘The Monkey in the Jukebox’. 12 new shiny songs.

Help me out!",118,"{10: 45, 50: 8, 170: 1}",0,571,£,1100,104.55,1150,55,4,1,0,54,3,5,Chris Webb,1,1,UK,Funding Successful,Chris Webb album 6
0.17,37.25,2019-03-11,2019-02-05,Music Videos,Tijuana,"Video musical del tema ¨Merol¨ de Hafid Hernández Trio, que retrata un futuro en ruinas donde la única salvación es la música.",126,"{20: 1, 50: 0, 100: 1, 200: 0, 500: 0, 1: 0, 2: 0, 5: 0, 15: 0}",0,1592,MX$,181000,0.08,149,4,0,1,0,2,12,0,Ave Sánchez,0,1,Mexico,Funding Unsuccessful,Merol Videoclip
66.5,46.24,2019-03-12,2019-02-19,Playing Cards,Sydney,Cyberpunk Playing Cards – Futuristic Sci-Fi Designs Combining Lowlife and High Tech.,84,"{17: 199, 27: 32, 31: 82, 39: 154, 46: 234, 60: 16, 78: 30, 89: 32, 131: 5, 155: 4, 173: 7, 318: 3}",0,1960,$,12000,310.97,37316,807,55,1,0,798,12,9,Elephant Playing Cards,32,0,AU,Funding Successful,Cyberpunk Playing Cards
3.86,46.81,2019-03-11,2019-01-31,Product Design,San Francisco,"Finally a poop bag that opens easily, even when wearing gloves! No more licking your gross fingers to pick up your dog's gross poo.",131,"{10: 9, 11: 3, 18: 4, 19: 0, 26: 2, 27: 1, 40: 8}",0,4181,$,180000,0.83,1498,32,1,1,0,27,7,0,Benjamin Voiles,9,1,CA,Funding Unsuccessful,PRONTO Poop Bags - Easy open waste Bags for doggie doodoo.
4.25,58.3,2019-03-12,2019-02-20,Shorts,Paris,Entrevue est un court métrage français et auto-produit qui traite du regard porté sur les jeunes actrices dans l'industrie du cinéma.,133,"{10: 2, 20: 9, 50: 4, 300: 2}",0,2381,€,1000,116.6,1166,20,0,1,0,17,4,1,Christopher,3,0,France,Funding Successful,Entrevue - Court métrage / Short film - Festival Support
0.5,13.67,2019-03-12,2019-02-10,Fiction,Oakland,A Romance Novel for Men,23,"{10: 1, 15: 0, 30: 1, 100: 0}",0,280,$,2500,1.64,41,3,0,1,1,2,4,0,No One's Home,4,1,CA,Cancelled by Creator,Postcards To A Navy SEAL
5.8,75.88,2019-03-11,2019-02-06,Music,Lakeland,My very 1st professionally recorded Album featuring original songs written 2014-2018!,85,"{20: 26, 200: 1, 300: 0, 400: 2}",0,1268,$,3000,101.17,3035,40,0,1,0,29,5,2,Patricia Kenoly,2,1,FL,Funding Successful,Arbitration-Based
150.0,10.31,2019-03-12,2019-02-12,Tabletop Games,St. Louis,A system-agnostic mini-zine for exploring Pentolan Catacombs.,61,"{1: 41, 7: 371, 15: 150, 25: 38}",1,2466,$,200,3104.5,6209,602,21,1,3,600,4,21,Michael T Lombardi,4,0,MO,Funding Successful,Beneath the Canals
696.0,43.48,2019-03-12,2019-02-27,Tabletop Games,Boynton Beach,"Stronghold Games presents Alan R. Moon & Bobby West’s ""Aftershock: San Francisco and Venice"" - Relaunch!",104,{45: 696},1,4729,$,10000,318.25,31825,732,27,1,1,696,1,4,Stronghold Games,15,1,FL,Funding Successful,Aftershock: San Francisco and Venice - Relaunch
0.0,1.67,2019-03-11,2019-03-01,Painting,Cardiff,A series of large scale paintings to explore the visual tension between figure and urban landscape.,99,"{50: 0, 100: 0, 200: 0, 500: 0}",0,1060,£,500,1.0,5,3,0,1,0,0,4,0,Jon Wall,1,1,UK,Funding Unsuccessful,Anatomy of the City: A series of paintings by Jon Wall
0.0,1.0,2019-03-12,2019-01-11,Journalism,Palo Alto,"Complainanything- a portal for any complaints, any subject and any business",75,"{5: 0, 25: 0, 500: 0, 10: 0}",0,2411,$,1500,0.2,3,3,0,1,0,0,5,0,mark,0,1,CA,Funding Unsuccessful,Complainanything - Make your voice heard
6.25,86.24,2019-03-11,2019-02-24,Tabletop Games,Blainville,My biggest single art pack to date! All new arts never shown before ! 400 arts to create your own RPG maps Commercial license available,135,"{8: 4, 45: 3, 55: 26, 63: 8, 65: 0, 235: 3, 275: 3, 295: 3}",0,242,$,1125,421.6,4743,55,40,1,0,50,8,7,Gaudreau Steve,24,0,Canada,Funding Successful,Greatest art pack I ever made to create your own RPG Maps !
6.0,37.66,2019-03-12,2019-02-10,Playing Cards,Austin,Simple and vibrant geometric playing cards for cardists and magicians.,70,"{13: 12, 24: 10, 35: 3, 68: 2, 134: 3}",0,542,$,1000,120.5,1205,32,8,1,0,30,5,2,Pythagoras Cards,8,1,TX,Cancelled by Creator,The Pythagoras Deck
13.23,36.83,2019-03-11,2019-02-19,Art,Tyne and Wear,a pokémon inspired enamel pin series featuring floral flair!,60,"{8: 19, 10: 81, 16: 10, 20: 64, 26: 10, 30: 23, 38: 8, 40: 6, 46: 8, 50: 8, 55: 8, 60: 1, 65: 8, 80: 14, 90: 3, 100: 3, 110: 4, 130: 13}",0,1409,£,500,2151.0,10755,292,10,1,0,291,22,11,Kathryn Inks,24,0,UK,Funding Successful,- eevee garden - pokémon inspired enamel pins
0.0,1.0,2019-03-11,2019-02-10,Fiction,Havelock,A Queen Among Kings,19,"{5: 0, 15: 0, 25: 0, 30: 0, 40: 0}",0,884,$,1500,0.07,1,1,0,1,0,0,5,0,Olicia Spears Smith,1,0,NC,Cancelled by Creator,Fiction Novel
0.85,19383.25,2019-03-12,2019-02-10,Crafts,Echizen-shi,"All of the Tea cups are handcrafted by craftsmen at the Echizen kiln, one of the 6 ancient kilns in Japan.",106,"{1: 1, 3: 3, 4: 0, 5: 1, 6: 0, 10: 1, 22: 0, 33: 5, 80: 0}",0,8109,¥,150000,155.07,232599,12,5,1,0,11,13,9,Sei Kishinami,35,2,Japan,Funding Successful,Enjoy the essence of Japanese Tea with the Echizen Tea Cup
0.92,20.0,2019-03-12,2019-01-14,Drama,Bridgend,A drama based on the concept album Stop The Wars by S.E.X.,58,"{5: 3, 10: 6, 15: 0, 20: 1, 25: 1, 50: 0, 300: 0}",0,714,£,300,100.0,300,15,0,1,0,11,12,0,Cameron McNamara,1,1,UK,Funding Successful,Stop The Wars The Film
0.0,1.0,2019-03-12,2019-02-19,Apps,Denver,"Booking platform for Photographers & Videographers. Quick, easy to use, and mobile (iOS only as of now due to funding).",119,"{250: 0, 1: 0, 10: 0}",0,3328,$,20000,0.01,1,1,0,1,0,0,4,0,Paris Atwater,1,0,CO,Cancelled by Creator,Pose. The World's Newest Photography Booking Platform.
0.0,1.0,2019-03-12,2019-01-16,Food,Houston,Luxe Dessert Lounge Showcasing Gourmet Cupcakes and Frozen Drinks with Sophisticated Style.,91,"{40: 0, 500: 0, 1: 0, 2: 0, 5: 0}",0,2412,$,100000,0.0,1,1,0,1,0,0,5,0,Cam,7,1,TX,Cancelled by Creator,CORRUPT cupcaquiri Brick and Mortar
2.78,17.74,2019-03-11,2019-02-09,Art,Pasadena,"A science-inspired art project, bringing the wonder of space and astronomy to a soft enamel pin",95,"{1: 1, 5: 0, 10: 5, 11: 4, 12: 8, 21: 2, 25: 3, 30: 1, 45: 1}",0,3811,$,350,136.86,479,27,0,1,0,25,9,3,Olivia,4,0,CA,Funding Successful,Don't Forget to Look Up ★ Space Inspired Enamel Pin
6.67,38.93,2019-03-12,2019-02-06,Country & Folk,Fargo,"These songs have been with me for years, and it is finally time to share my best work with you all.",99,"{1: 0, 10: 2, 20: 31, 50: 4, 100: 2, 300: 1}",0,1663,$,1500,119.4,1791,46,0,1,0,40,6,2,Aaron Simmons,5,1,ND,Funding Successful,Aaron's FIRST Full-Length Album
69.0,59.64,2019-03-11,2019-02-27,Nonfiction,San Francisco,Help launch a bold new book about the end of predatory delay and the beginning of rapid climate action.,103,"{9: 259, 25: 119, 50: 115, 99: 40, 250: 16, 1: 2, 2: 0, 10: 1}",1,5958,$,21000,161.6,33936,569,10,1,0,552,8,3,Alex Steffen,1,0,CA,Funding Successful,The Snap Forward: New thinking for winning the climate fight
1.67,27.0,2019-03-11,2019-02-25,Jewelry,Melbourne,"Your own little piece of art that's functional too! 
Display your favourite earrings on this beautiful Japanese shrine.",119,"{30: 5, 32: 0, 60: 0}",0,1344,$,1600,13.5,216,8,0,1,0,5,3,1,Fallen Into Fantasy Designs,1,1,AU,Funding Unsuccessful,Acrylic Earring Stand- Japanese Shrine
0.0,1.0,2019-03-12,2019-02-10,Games,Atlanta,Building a full-scale Theme Park Resort in Second Life,54,"{1: 0, 5: 0, 10: 0, 50: 0, 100: 0}",0,1655,$,8000,0.03,2,2,0,1,0,0,5,0,Dinard Gussie,1,0,GA,Funding Unsuccessful,SECOND LIFE: Theme Park Resort Construction
8.12,69.76,2019-03-11,2019-02-09,Spaces,Northumberland,We're creating a brand new outdoor food and dining experience and want you to be part of its creation! :),105,"{15: 20, 40: 18, 50: 12, 75: 9, 120: 1, 200: 2, 500: 3, 1: 0}",1,1925,£,5000,108.82,5441,78,1,1,0,65,8,1,Tyrone Burns,7,1,UK,Funding Successful,BOX. a new concept restaurant - Northumberland
0.0,1.0,2019-03-11,2019-01-10,Apparel,Chicago,"A brand for athletes looking for comfortable, fashionable, and reasonably priced apparel.",89,"{5: 0, 10: 0, 20: 0}",0,595,$,550,0.36,2,2,0,1,0,0,3,1,Robert Adams,1,0,IL,Funding Unsuccessful,Hit Stick Apparel
171.6,121.46,2019-03-11,2019-01-22,Design,Vancouver,"Modern, intuitive, and clean in 6-seconds. This cutting-edge design leaves other litter boxes in dust— litter...ally.",117,"{5: 12, 65: 331, 80: 330, 93: 586, 105: 4, 130: 123, 153: 165, 173: 160, 200: 2, 550: 3}",0,7695,$,50000,420.75,210377,1732,126,1,7,1716,10,10,Boxscoop Designs,38,1,Canada,Funding Successful,Boxscoop 2.0: The World's Fastest Cleaning Cat Litter 'Box'
2.5,14.89,2019-03-11,2019-01-30,Music,Paris,"Finalisation de l'enregistrement d'Allen le premier EP de Léo Lalanne, celui-ci sortira le printemps prochain.",110,"{12: 2, 24: 3}",0,2642,€,1200,11.17,134,9,0,1,0,5,2,0,Léo,1,1,France,Funding Unsuccessful,Allen - Le premier EP de Léo Lalanne
13.56,83.26,2019-03-11,2019-02-09,Public Art,San Jose,"One Event, One Venue, One Life-Changing Experience!",51,"{10: 13, 35: 57, 65: 27, 125: 14, 225: 11, 499: 0, 1: 0, 2: 0, 4: 0}",0,6773,$,13000,105.68,13738,165,0,1,0,122,9,7,You Are Collective,21,1,CA,Funding Successful,Women's Conference + Art of Lettering + Mental Health
1.64,79.92,2019-03-11,2019-02-09,Tabletop Games,Brooklyn,A modular line of laser cut terrain for 28mm scale tabletop games,65,"{1: 3, 25: 1, 35: 0, 45: 4, 85: 2, 145: 8}",0,615,$,5000,38.36,1918,24,1,1,0,18,11,1,Daniel Axe,13,1,NY,Funding Unsuccessful,The Oculus Station Terrain Line
0.0,1.0,2019-03-11,2019-02-09,Product Design,Euclid,Care About HOW Your Pets Eat — Not Just WHAT They Eat!,54,"{5: 0, 100: 0, 125: 0, 200: 0, 225: 0, 300: 0, 400: 0}",0,4407,$,100000,0.0,1,1,0,1,0,0,10,0,PetCone,13,1,OH,Cancelled by Creator,PET CONE
6.38,30.69,2019-03-11,2019-02-09,Tabletop Games,Staffordshire,A card game for 2-4 people. Like bunnies? Like puns? Like screwing over your friends? This is the game for you!,111,"{1: 3, 15: 30, 25: 2, 30: 3, 50: 12, 70: 1, 240: 0}",0,2279,£,4300,39.26,1688,55,11,1,0,51,8,9,ASK games,16,1,UK,Cancelled by Creator,Warren Wars - a card game about bunny warfare
0.0,1.0,2019-03-12,2019-01-28,Experimental,Madrid,"Cortometraje al estilo ""Fotonovela"" hecho con fotos analógicas",62,"{5: 0, 10: 0, 20: 0, 50: 0, 100: 0}",0,426,€,500,0.4,2,2,0,1,0,0,5,0,Jorge Hernández López,1,0,Spain,Funding Unsuccessful,Cortometraje - Alma
2.92,171.3,2019-03-12,2019-02-05,Product Design,Atlanta,"Neva Shoes, the world's first fully-customizable leather handmade shoes, designed in Atlanta and handmade in Gaziantep",118,"{5: 1, 25: 0, 99: 21, 116: 0, 119: 4, 136: 0, 230: 3, 250: 1, 270: 1, 345: 1, 365: 2, 405: 3, 500: 1}",0,7535,$,4500,152.27,6852,40,0,1,1,38,13,4,Neva LLC,47,1,GA,Funding Successful,"Neva | Handmade, Customizable, Premium Leather Shoes"
3.8,171.26,2019-03-11,2019-01-30,Product Design,Copenhagen,A combination of a magnifying lens and a glass lid for whisky tasting glasses.,78,"{5: 0, 55: 9, 60: 0, 105: 18, 115: 3, 300: 8, 330: 0, 585: 0, 620: 0}",0,2100,kr,6500,102.75,6679,39,9,1,0,38,10,3,Team Magnificus,8,1,Denmark,Funding Successful,Magnificus: The Magnifying Glass Lid
0.0,1.0,2019-03-11,2019-01-16,Art,Corning,"To build a enchanting conservatory. Open to the public. A magical environment Filled with gardens. A place to visit, dream and grow.",132,"{100: 0, 1: 0}",0,1345,$,100000,0.0,1,1,0,1,1,0,2,0,Jen,1,0,NY,Cancelled by Creator,Pixie Moss Meadows Conservatory
5.3,178.12,2019-03-11,2019-02-18,Shorts,Amsterdam,"When Russian drone operator Galkin encounters a UFO, she quickly needs to decide what is real and what is not.",110,"{1: 0, 5: 5, 25: 28, 75: 1, 100: 14, 950: 5}",0,4153,€,8000,129.14,10331,58,0,1,0,53,10,5,HAA! Films,15,3,Netherlands,Funding Successful,THE OCCUPANT (the short film)
12.0,18.94,2019-03-11,2019-01-26,Music,Hull,"Alien on Earth: The Homecoming feat Guyver, Riot Bros & Amber D
A hard trance/hard house event in Hull at Tower nightclub on 26th April",135,{10: 12},0,1105,£,800,42.62,341,18,0,1,0,12,1,0,Guy Mearns,1,0,UK,Funding Unsuccessful,"Alien on Earth The Homecoming ft Guyver, Riot Bros & Amber D"
8.33,321.88,2019-03-11,2019-02-09,Music,Gothenburg,"Under våren spelar jag in min första skiva, med hjälp av er
During the spring I will finally record my first CD, with your help",128,"{25: 4, 100: 19, 200: 16, 500: 8, 1: 2, 3: 1}",0,3509,kr,10000,167.38,16738,52,0,1,0,50,6,3,Mathilda Hagfoss,3,0,Sweden,Funding Successful,Mathilda Hagfoss spelar ÄNTLIGEN in sin musik
0.83,6.11,2019-03-11,2019-02-06,Technology,Northampton,"Can you build a Reva G-wiz to have the range of a Tesla at a fraction of the cost? 

This is the question I aim to solve with your help",135,"{1: 3, 10: 1, 25: 1, 100: 0, 500: 0}",0,10671,£,6000,0.92,55,9,5,1,0,5,6,17,Richard,1,0,UK,Funding Unsuccessful,DIY solar-powered electric car with the range of a Tesla!
21.17,17.51,2019-03-11,2019-02-04,Comic Books,Charlotte,When monsters collide...,24,"{5: 92, 10: 80, 20: 41, 22: 8, 25: 6, 35: 15, 45: 4, 50: 5, 100: 2, 110: 0, 150: 1}",0,966,$,7000,64.79,4535,259,12,1,0,254,12,14,Nathan Kelly,23,1,NC,Funding Unsuccessful,DREXLER Issue #2
0.12,25.6,2019-03-11,2019-01-25,Product Design,Whitsunday,"A young family with big style, building sustainable home decor & custom furniture from reclaimed wood and other upcycled materials.",131,"{1: 0, 30: 0, 50: 1, 80: 0, 150: 0, 300: 0, 400: 0, 600: 0}",0,3722,$,16390,0.78,128,5,0,1,0,1,8,1,Paul Ellis,1,0,AU,Funding Unsuccessful,Wooden Ya Know It - Upcycled Furnishings
4.8,25.66,2019-03-11,2019-01-10,Farms,American Fork,Only Six Ingredients. 100% Satisfied Customers (and their owners).,66,"{15: 9, 20: 6, 35: 2, 45: 1, 55: 6}",0,974,$,5000,14.88,744,29,1,1,0,24,5,2,Jared Smith,3,1,UT,Funding Unsuccessful,Healthy Dog Treats
5.14,72.05,2019-03-11,2019-02-09,Illustration,Plano,"Beautifully illustrated full 78 card tarot deck featuring vibrant nightmarish imagery that incorporates culture, history and language.",134,"{5: 1, 20: 0, 50: 17, 55: 14, 80: 2, 100: 0, 200: 2}",0,5167,$,4000,66.65,2666,37,0,1,0,36,7,2,Matthew Clark,1,1,TX,Funding Unsuccessful,Nascosto Tarot: The Deck of Signs and Hidden Meanings
213.75,36.15,2019-03-11,2019-02-11,Tabletop Games,Burbank,"Build The City-Nation of ""Icarus"" at the height of its power. Then watch it all collapse in this Macro-RPG Dice-Stacking game.",126,"{5: 313, 35: 297, 65: 215, 190: 30}",0,7057,$,10000,318.14,31814,880,31,1,2,855,4,6,Hunters Books,28,1,CA,Funding Successful,Icarus: How Great Civilizations Fall
0.33,282.25,2019-03-11,2019-01-10,Fantasy,Mexico City,"Adaptación cinematográfica de la obra de Lewis Carroll ""Las Aventuras de Alicia en el País de las Maravillas"" y la verdadera Alicia.",132,"{100: 1, 500: 0, 1: 1, 2: 0, 5: 0, 10: 0}",0,1614,MX$,460000,0.25,1129,4,0,1,0,2,6,2,César Magdiel Gómez Rocha,11,1,Mexico,Funding Unsuccessful,La Maravillas en el País de Alicia
2.22,260.27,2019-03-11,2019-02-15,Product Design,Carmichael,SOLARIS looks simple and minimalistic. We've designed our products meticulously to ensure our customers always have the tools they need,135,"{165: 5, 169: 0, 190: 9, 199: 0, 330: 0, 350: 4, 439: 0, 495: 1, 878: 1}",0,996,$,5191,110.31,5726,22,12,1,4,20,9,1,1991: a Solaris Voyager,12,1,CA,Funding Successful,"Expandable Bags, handmade in Italy with Premium leather"
9.0,653.77,2019-03-11,2019-02-09,Art,Singapore,"Merlion Mini-Figure Blind Box ""International Designers"" Series 1",64,"{2: 2, 42: 1, 63: 0, 119: 1, 120: 3, 150: 5, 200: 9, 280: 21, 500: 15, 675: 24, 800: 63, 950: 0, 1: 0}",0,3195,$,200000,47.4,94797,145,0,1,0,144,16,2,Great Twins,1,0,Singapore,Cancelled by Creator,MERLION COLLECTIBLE FIGURE
0.0,1.0,2019-03-11,2019-01-25,Publishing,Glasgow,The first print and edited copy of The Book of Brodin,53,"{5: 0, 10: 0, 25: 0, 48: 0, 85: 0, 120: 0, 1: 0}",0,1317,$,6000,0.02,1,1,0,1,0,0,7,0,Brandon Yudkoff,1,0,UK,Cancelled by Creator,The Book of Brodin : In print
0.33,5.25,2019-03-11,2019-02-09,Music,Magdeburg,Electronical Sounds from Germany,32,"{5: 1, 20: 0, 50: 0}",0,541,€,2000,1.05,21,4,0,1,0,1,3,0,3Klang,1,0,Germany,Funding Unsuccessful,Grantelbart
4.0,63.13,2019-03-12,2019-01-31,Food Trucks,Las Vegas,"BAAAM DELIVERY is a food delivery service like Ubereats or Postmates, except we only deliver the most unique food from Food Trucks!",131,"{5: 0, 50: 12, 100: 8, 500: 0, 1: 0}",0,2232,$,60000,2.42,1452,23,0,1,0,20,5,0,Sonny Chavez,5,2,NV,Funding Unsuccessful,BAAAM FOOD TRUCK DELIVERY SERVICE
1.0,8347.95,2019-03-11,2019-02-09,Crafts,Echizen-shi,"You can place it in your toilet, locker, closet, shoes, bag, or anywhere else you would like to deodorize.",106,"{1: 11, 2: 0, 3: 2, 4: 3, 7: 0, 8: 0, 14: 0, 20: 1, 23: 0, 69: 0, 90: 1}",0,7063,¥,150000,111.31,166959,20,1,1,0,18,18,5,岩村茂幸,53,1,Japan,Funding Successful,Electricity free Deodorizing Washi
0.29,10.29,2019-03-11,2019-02-09,Hip-Hop,Nice,"Concerts, échanges et enregistrement d'un album. ""L'universalité du Hip-hop, outil pour la défense des droits, la liberté d'expression""",135,"{5: 1, 10: 1, 15: 0, 20: 0, 30: 0, 500: 0}",0,1933,€,700,10.29,72,7,0,1,0,2,7,0,Ye Arts,0,1,France,Funding Unsuccessful,"Concerts, échanges avec le public, album, clips"
6.17,22.42,2019-03-11,2019-02-09,Art,Gig Harbor,Whale/Porpoise/Dolphin Hard Enamel Pins,39,"{5: 2, 12: 12, 20: 12, 22: 6, 24: 5}",0,1165,$,1000,85.2,852,38,0,1,0,37,6,17,"Mekala ""Hazard"" McGaughy",1,0,WA,Funding Unsuccessful,Whale Hearts
9.5,22.0,2019-03-11,2019-02-09,Mixed Media,Chicago,"Bring in the sunshine, fresh air, and dirt beneath your feet. One-of-a-kind pressed flower bookmarks to bring the outdoors in.",126,"{10: 6, 25: 13}",0,1492,$,300,154.0,462,21,6,1,0,19,2,3,NoFarmNeeded,5,0,IL,Funding Successful,Pressed Flower Bookmark- Make 100
0.5,1.0,2019-03-11,2019-03-04,Documentary,Albany,"A weight loss &  sexual abuse survivors' journey from shy introvert to  radio personality, host, poet ,model and empowered woman.",129,"{1: 1, 20: 0}",0,871,$,10000,0.02,2,2,0,1,0,1,2,0,ProjectShrinkingViolet,0,1,NY,Funding Unsuccessful,Project: Shrinking Violet
1.5,133.33,2019-03-11,2019-02-09,Pop,New York,"I am making a new pop album that I am aiming for a September 2019 release!  Funding will support equipment, promotion, and videos.",130,"{1: 0, 5: 3, 25: 3, 50: 1, 100: 1, 150: 1}",0,390,$,2000,100.0,2000,15,0,1,0,9,6,0,Zoe Rose Briskey,1,1,NY,Funding Successful,Zoe Briskey's Next Album!
4.71,136.53,2019-03-12,2019-02-06,Product Design,Los Angeles,Aprons that keep your clothes clean and your food clean. Equipped with spill protection and anti-bacterial technology.,118,"{1: 0, 38: 5, 49: 0, 77: 43, 89: 4, 94: 6, 99: 0, 107: 0, 110: 0, 119: 0, 149: 4, 169: 2, 2: 2}",0,3715,$,8000,122.88,9830,72,3,1,0,66,14,2,OURA,51,1,CA,Funding Successful,Spyce: The World's Cleanest Apron
